id,domain,status,purchase_price,renewal_price,attractiveness,demand,length,registrar,created_at,expires_at,status_verified_at
6e1de7bd-eb48-43bd-a949-1478f53e01de,khaki.mobi,available,4.48,64.98,high,low,5,namecheap,,,22/08/2026 15:47
134f60f7-0651-4ec4-af8d-a848f0fe5225,undeveloped.mobi,available,6.99,,medium,low,11,name.com,,,
37b4c2ac-84cb-4d86-a0ac-fe803f2da1fc,marine.mobi,resell,,,high,low,6,"Sav.com, LLC - 35",27/08/2025 15:15,27/08/2027 15:15,26/09/2026 07:26
ed32f7b6-e6f1-46c2-b73a-7d248bdd6103,sear.mobi,available,4.48,64.98,medium,low,4,namecheap,,,14/08/2026 19:05
6b2206d4-e4ea-47d8-8080-f552888a11e3,attired.mobi,available,4.48,64.98,medium,low,7,namecheap,,,06/08/2026 04:47
a4bb7a4c-fbc1-47d4-a0ff-98862bd11ca3,committed.mobi,available,4.48,64.98,high,low,9,namecheap,,,23/09/2026 15:46
92902b95-4749-4fe3-abe4-b34c593dcc5c,olfactive.mobi,available,4.48,64.98,medium,low,9,namecheap,,,04/09/2026 02:13
2073b649-682c-41d4-8d59-d0f64389947d,bevel.mobi,available,7.49,55.99,medium,low,5,namesilo,,,23/09/2026 11:58
4182a676-17da-4099-b66d-44ea3a795ce4,gang.mobi,available,,,high,low,4,,,,
6ee04f21-852d-4e4d-b5be-9513a6173b7f,unspotted.mobi,available,4.48,64.98,medium,low,9,namecheap,,,12/09/2026 20:15
81e3ba9b-3a00-4f22-b814-69f26f4696d9,lit.mobi,premium,1107,1107,high,medium,3,namesilo,,,25/09/2026 07:48
75e8c1a6-0e39-4974-bfc5-ce034d03c373,euclidian.mobi,available,4.48,64.98,medium,low,9,namecheap,,,17/08/2026 14:04
c310a571-6043-4764-bb3d-0931e5a79127,produced.mobi,available,7.49,55.99,medium,low,8,namesilo,,,19/09/2026 16:32
5b03a24c-8a22-465b-b246-2af073383f6c,fickle.mobi,available,4.48,64.98,medium,low,6,namecheap,,,17/08/2026 12:48
f316b0f3-64a0-4e94-8737-7569c693254d,beside.mobi,available,6.99,,high,low,6,name.com,,,
d03bcdeb-67d7-436c-8ede-6c7380c2a71e,ali.mobi,resell,,,high,high,3,Xin Net Technology Corporation,27/02/2020 10:05,27/02/2030 10:05,26/09/2026 03:47
51fcefb4-41d7-4787-a64a-5362ee778476,aplomb.mobi,available,4.48,64.98,high,low,6,namecheap,,,19/09/2026 17:47
7909b1dd-6d22-4856-9e13-0503c8ad7b32,anathemise.mobi,available,6.99,64.99,low,low,10,name.com,,,13/08/2026 16:25
ef1370f5-a8ec-427c-8f65-5345c0c21322,extempore.mobi,available,4.48,64.98,medium,low,9,namecheap,,,
dfe96c50-db9a-4e5a-9e3f-f660679bdd14,telly.mobi,available,4.48,64.98,high,low,5,namecheap,,,24/09/2026 06:44
aa24bc06-4846-494c-ac86-69a838eddbd1,anagnost.mobi,available,7.49,55.99,medium,low,8,namesilo,,,19/09/2026 01:26
e515a75e-338d-46c4-8c0d-dfa74a44c038,springtime.mobi,resell,,,high,low,11,"GoDaddy.com, LLC",14/01/2010 03:44,14/01/2027 03:44,26/09/2026 09:14
2712552b-e812-4d9c-87f3-121f6a21a85e,masterless.mobi,available,4.48,64.98,medium,low,10,namecheap,,,24/08/2026 09:55
35020235-e51e-4962-8289-3417efc2a909,grilled.mobi,available,4.48,64.98,high,low,7,namecheap,,,08/08/2026 16:31
e45d8889-2c65-4c8a-b846-c6c8da49ea7c,maniacal.mobi,available,4.48,64.98,medium,low,8,namecheap,,,24/08/2026 14:55
ce14f8eb-8d7a-452c-8c6f-6ef46bcd3ad9,depressing.mobi,available,4.48,64.98,medium,low,10,namecheap,,,12/08/2026 03:50
629671a7-0f72-4711-b0ef-cd0e9d047f62,anabolic.mobi,available,4.48,64.98,medium,low,8,namecheap,,,
68953368-1d4e-41df-aaf0-501964ffb92c,potentiality.mobi,available,6.99,,high,low,12,name.com,,,
db9b829b-d6ad-4543-8157-884f6c9f4f7b,molybdenum.mobi,available,6.99,64.99,medium,low,10,name.com,,,20/09/2026 23:05
78ed0b70-8b30-4163-b7f6-ea76ef8af6a5,backbeat.mobi,available,7.49,55.99,high,low,8,namesilo,,,21/09/2026 14:59
ed6680a3-77f9-4bc7-92d9-02350a0acce9,clanking.mobi,available,4.48,64.98,medium,low,8,namecheap,,,12/08/2026 09:33
58175ecf-5a90-4fa8-bef2-821cd381f641,norvasc.mobi,available,7.49,55.99,medium,low,7,namesilo,,,18/09/2026 21:58
a43fef65-d5cc-4202-9b55-296e84b9c977,anything.mobi,available,,,high,low,8,,,,
804be8b7-970b-4ead-8d26-83c8cde1a64e,aboulia.mobi,available,4.48,64.98,medium,low,7,namecheap,,,16/09/2026 16:42
53ff2d9b-ca63-42dd-84fc-1bbeace65ec6,animosity.mobi,available,6.99,64.99,medium,low,9,name.com,,,19/09/2026 09:20
4811795a-e1e0-4bc3-a7a1-b189ae3dac81,blackheart.mobi,available,7.49,55.99,medium,low,10,namesilo,,,24/09/2026 02:49
06f84d3f-4cc7-4006-a7cb-d3956f9e7460,andrena.mobi,available,7.49,55.99,medium,low,7,namesilo,,,19/09/2026 04:31
3ead75f5-db9e-425f-913f-f2f4aa2158db,stabbed.mobi,available,40.2,40.2,low,low,7,cloudflare,,,28/09/2026 00:02
a2b442de-e1e3-48c8-8a27-9f2582d883ca,monastic.mobi,available,4.48,64.98,medium,low,8,namecheap,,,12/08/2026 11:57
700890c3-1d95-42f5-81cb-aa43ff33e581,gifted.mobi,available,4.48,64.98,high,low,6,namecheap,,,18/08/2026 23:27
351ce142-0aa0-47b8-8e47-7d22474e8115,newsletters.mobi,available,7.49,55.99,high,low,11,namesilo,,,20/09/2026 15:17
259bf5b9-f4d8-4daf-8415-a45196db3422,bruckner.mobi,available,7.49,55.99,medium,low,8,namesilo,,,19/09/2026 15:26
0afe5710-297f-4772-b45b-8c864a44e305,category.mobi,available,4.48,64.98,high,low,8,namecheap,,,24/09/2026 13:09
25fa6e84-9eca-4564-ad6f-7415030839d8,stunning.mobi,available,7.49,55.99,high,low,8,namesilo,,,22/09/2026 08:34
fa1a8408-306e-418d-887e-7c0db6ff4d29,midget.mobi,available,,,high,low,6,,,,
94c89934-1981-4989-93ac-26903e4a6953,audacious.mobi,available,7.49,55.99,high,low,9,namesilo,,,22/09/2026 12:06
06594360-9dcc-4858-84cf-d73fdfcd3c05,barn.mobi,available,,,high,low,4,,,,
ac74c846-e891-48a4-b95d-9b2c7fe3a980,peaceable.mobi,available,4.48,64.98,medium,low,9,namecheap,,,08/09/2026 11:08
8a0e9783-cea7-4047-86ff-9aa5398d5960,canary.mobi,available,4.48,64.98,high,low,6,namecheap,,,11/08/2026 16:10
f7e9315d-f2bf-4aad-ab15-59d57a890472,angiogram.mobi,available,4.48,64.98,medium,low,9,namecheap,,,19/09/2026 06:13
025dab43-01d4-46ec-ab20-639144cb5607,sophistication.mobi,available,6.99,,high,low,14,name.com,,,
7be4936d-c90f-41f0-bbea-f0d2a6ee4d07,auricula.mobi,available,7.49,55.99,medium,low,8,namesilo,,,21/09/2026 04:20
c0eb30bb-c72b-4aa8-af85-94ff4341085b,anemic.mobi,available,4.48,64.98,medium,low,6,namecheap,,,
264bee6b-8284-4741-91d0-08513a3b48e4,excuse.mobi,available,7.49,55.99,high,low,6,namesilo,,,25/09/2026 22:39
0ebcbef8-c5f9-4d0d-9a42-d7a932bdf26b,abyla.mobi,available,7.49,55.99,medium,low,5,namesilo,,,16/09/2026 15:53
e90935c5-64c5-4ee5-9529-e47ed570750a,righteous.mobi,available,7.49,55.99,high,low,9,namesilo,,,27/09/2026 15:12
49ef8e71-a9c7-487f-9d3e-c7b097fb79a3,argot.mobi,available,4.48,64.98,medium,low,5,namecheap,,,13/09/2026 04:14
1e565309-d449-400c-950b-8bafc3d4c810,baguet.mobi,available,4.48,64.98,medium,low,6,namecheap,,,21/09/2026 18:30
b23cd90f-e531-40f6-9bcd-0a32d452f344,lowlife.mobi,available,4.48,64.98,medium,low,7,namecheap,,,11/08/2026 09:22
def996ee-a0f8-4037-a295-7cddde20cb96,circus.mobi,available,,,high,low,6,,,,
f37c11c6-4b0c-4e64-aa4b-ed6f0ac7043a,mill.mobi,available,6.99,,high,low,4,name.com,,,
5e36f459-d4d8-4d52-9b70-100947938947,rama.mobi,available,7.49,55.99,high,low,4,namesilo,,,27/09/2026 15:30
ce5322f7-5ef3-4048-a324-c35decc941c0,sheepshead.mobi,available,7.49,55.99,medium,low,10,namesilo,,,20/09/2026 02:29
35670b0c-079b-40bf-ba91-cccd07c6f525,grimy.mobi,available,4.48,64.98,medium,low,5,namecheap,,,09/08/2026 09:25
3dd6ff5e-f359-4f19-89ed-763ff0284fb3,bigamist.mobi,available,7.49,55.99,medium,low,8,namesilo,,,23/09/2026 15:02
46c8baaf-d0e2-4958-a7fd-37c3269d17b8,antisocial.mobi,available,4.48,64.98,medium,low,10,namecheap,,,05/08/2026 19:39
f7d302ce-3170-43df-b76b-ec181ab82f0d,thongs.mobi,available,4.48,64.98,medium,low,6,namecheap,,,19/09/2026 22:16
b3e1448e-3b6c-4a41-8a33-2ec92759d75c,auditorium.mobi,available,7.49,55.99,high,low,10,namesilo,,,21/09/2026 03:13
8da09061-7f45-4c3e-bebe-660274a53b10,calculable.mobi,available,4.48,64.98,medium,low,10,namecheap,,,11/08/2026 13:54
6a91ebef-d29d-490b-9275-5acf473e09fd,angara.mobi,available,4.48,64.98,medium,low,6,namecheap,,,19/09/2026 05:44
a6757101-0495-4be0-a749-b951153f9cbe,bombproof.mobi,available,4.48,64.98,medium,low,9,namecheap,,,10/08/2026 18:09
439baafe-8bda-4137-9d2f-8399f27d3785,agilely.mobi,available,4.48,64.98,medium,low,7,namecheap,,,13/09/2026 18:16
496364db-2fae-4a06-a1bc-6ea6a66179b4,completed.mobi,available,7.49,55.99,high,low,9,namesilo,,,23/09/2026 17:22
45e07b96-7b58-46d5-a38b-a11773311fa3,detention.mobi,available,3.82,41.6,medium,low,9,spaceship,,,27/09/2026 12:53
378ffbd5-27b0-4cfe-a432-442bc5e596db,fungicide.mobi,available,4.48,64.98,medium,low,9,namecheap,,,
0bc0a29c-87dd-48d4-9eba-69c0c5840937,clunk.mobi,available,4.48,64.98,medium,low,5,namecheap,,,11/09/2026 15:10
e9f80fdf-d7e2-4a44-8bab-b84441311d25,froze.mobi,available,6.99,,medium,low,5,name.com,,,
d972b9df-3c7a-4c81-ba8a-cf33b416d713,legato.mobi,available,4.48,64.98,high,low,6,namecheap,,,22/08/2026 22:53
5d4f544e-5bc3-4a98-8037-6759131c9410,moonflower.mobi,available,7.49,55.99,high,low,10,namesilo,,,23/09/2026 06:03
9839d3ef-c67e-489d-ad88-79ce8ab41c14,nullity.mobi,available,4.48,64.98,medium,low,7,namecheap,,,13/09/2026 06:33
ca0d7b9e-4abe-406a-ad92-b20303bb2c21,transfer.mobi,resell,,,high,low,8,Dynadot Inc,14/06/2026 17:00,14/06/2027 17:00,26/09/2026 09:44
43b2c4b0-43e0-470f-abfc-a024bd819069,lite.mobi,available,4.48,64.98,high,low,4,namecheap,,,11/08/2026 15:09
2779f554-cca3-4a42-9744-d2adf8a2fa90,sameness.mobi,available,4.48,64.98,medium,low,8,namecheap,,,21/08/2026 15:12
a6514916-a239-4a5c-a19c-36c0b1c95026,bigness.mobi,available,7.49,55.99,medium,low,7,namesilo,,,23/09/2026 15:14
ca0fda0a-1731-4bc5-a70e-e6365c45eca7,accurate.mobi,available,7.49,55.99,high,low,8,namesilo,,,21/09/2026 15:59
bf08eb29-9168-455a-85c3-9ed6fc195b68,changing.mobi,available,7.49,55.99,high,low,8,namesilo,,,23/09/2026 13:46
8fcd92f4-bd7d-46ff-88a2-7e8dcd01106f,perfumed.mobi,available,4.48,64.98,high,low,8,namecheap,,,08/09/2026 16:58
cf030b8c-87ab-4cb7-b1ca-98e993b2cfba,standby.mobi,available,4.48,64.98,high,low,8,namecheap,,,10/09/2026 18:37
0cd010a1-5154-42cf-ad7b-5399b2508c9f,controversial.mobi,available,6.99,,medium,low,13,name.com,,,
78847bf4-ef19-4c39-bbdc-5ef35d4a4a4b,authorised.mobi,available,7.49,55.99,high,low,10,namesilo,,,22/09/2026 13:51
b1d69f79-c185-430b-8f50-e022769eaba1,bought.mobi,available,6.99,,high,low,6,name.com,,,
11bd87b0-45bf-444f-9081-d20bfb227416,mexican.mobi,available,6.99,64.99,high,low,7,name.com,,,25/09/2026 20:01
ee09815d-2afe-46c3-aa22-8d823aa31638,respectively.mobi,available,6.99,,medium,low,12,name.com,,,
6b759835-d326-43dd-b73c-aabebf86a7fd,yams.mobi,available,7.49,55.99,medium,low,4,namesilo,,,19/09/2026 22:19
01838f0a-75bc-471f-bf38-12cdb8b41d61,lydia.mobi,available,4.48,64.98,high,low,5,namecheap,,,25/09/2026 09:12
86f578e7-9546-4c7e-9d58-31439fd23348,airdrome.mobi,available,7.49,55.99,medium,low,8,namesilo,,,17/09/2026 12:57
eb6a332f-c6b0-4007-81c9-bb30bcdc6f28,informer.mobi,available,7.49,55.99,medium,low,8,namesilo,,,23/09/2026 11:26
b36f6bb8-dd05-46fd-ada3-b5d3a3a9d3e4,fallacious.mobi,available,4.48,64.98,medium,low,10,namecheap,,,13/08/2026 21:08
7fd90891-26a2-4f49-8837-8a75fb14a20f,alex.mobi,resell,,,high,medium,4,Porkbun LLC,08/09/2010 03:25,08/09/2027 03:25,26/09/2026 03:47
5b29b671-40eb-4090-aac3-c536dcbf1181,kitchen.mobi,available,,,high,low,7,,,,
17c42c87-d4be-4fb3-9495-c83b482dca09,permitted.mobi,available,6.99,,high,low,9,name.com,,,
149e643b-b7af-4766-9220-bcc748a93322,sleekly.mobi,available,4.48,64.98,medium,low,7,namecheap,,,16/09/2026 02:30
5c4cc2d1-1411-4772-bbf7-e0191401b23b,variegate.mobi,available,4.48,64.98,medium,low,9,namecheap,,,25/08/2026 08:26
94219ceb-43ed-496d-a6bb-3f0c0baee445,unfair.mobi,available,6.99,,high,low,6,name.com,,,
3ccb945b-b976-4778-b12b-39d69d0bb6f8,psalms.mobi,available,7.49,55.99,high,low,6,namesilo,,,24/09/2026 07:04
2a047aa7-a6c8-41b0-ab70-5b18fbfd6544,untapped.mobi,available,4.48,64.98,medium,low,8,namecheap,,,12/09/2026 21:02
bc32bf4b-7791-47da-8e38-cbd6ceb84c5d,wifely.mobi,available,4.48,64.98,medium,low,6,namecheap,,,13/09/2026 00:27
8997012a-6aa1-45ac-851c-4f822ba4af96,chesty.mobi,available,4.48,64.98,medium,low,6,namecheap,,,06/08/2026 22:08
c1212ac2-74f1-4103-83dc-110b572801fa,senescence.mobi,available,7.49,55.99,medium,low,10,namesilo,,,17/09/2026 16:52
4155389a-a82f-4c7d-a830-c0ce7cda8adc,fueled.mobi,available,4.48,64.98,medium,low,6,namecheap,,,18/08/2026 17:37
c328ca8b-2203-4634-80e4-de9e8de85143,paragon.mobi,resell,,,high,low,7,"Xiamen ChinaSource Internet Service Co., Ltd",17/11/2022 17:00,17/11/2026 17:00,26/09/2026 08:01
389bd9bf-5889-4143-bec2-413104031c30,phocine.mobi,available,4.48,64.98,medium,low,7,namecheap,,,08/09/2026 18:58
eb5b7d02-e4ef-4852-bef8-c212021bf14b,anointer.mobi,available,7.49,55.99,medium,low,8,namesilo,,,19/09/2026 11:18
b8771832-5e3f-48ad-a16e-b4e651882103,phallic.mobi,available,4.48,64.98,medium,low,7,namecheap,,,08/09/2026 18:31
50f4870c-f7ce-4961-84c6-86ba5bf0981d,basilar.mobi,available,4.48,64.98,medium,low,7,namecheap,,,08/08/2026 22:16
9478eef9-b090-48e7-9e0b-88d1bb1aa72f,dishy.mobi,available,4.48,64.98,medium,low,5,namecheap,,,14/08/2026 11:03
65db1de3-3273-4704-bd21-c9796be98671,eyesight.mobi,available,6.99,,high,low,9,name.com,,,
8d47f963-690a-4938-9662-515f7ca8b840,esthetics.mobi,available,7.49,55.99,high,low,9,namesilo,,,17/09/2026 13:38
6ebd36c4-d8de-4ce7-aacf-75fc135f4d48,bowed.mobi,available,4.48,64.98,medium,low,5,namecheap,,,06/08/2026 14:55
ae8a58bf-9168-42d5-ae60-895f7e8063ea,zambian.mobi,available,4.48,64.98,high,low,7,namecheap,,,13/09/2026 15:05
f9fa67f4-cf64-4043-a886-4571d1afd824,untwisted.mobi,available,4.48,64.98,medium,low,9,namecheap,,,12/09/2026 21:56
7051c5f6-c2d8-4566-9bc7-386eed210068,rescue.mobi,resell,,,high,low,6,"Xiamen ChinaSource Internet Service Co., Ltd",17/08/2025 15:15,17/08/2027 15:15,26/09/2026 08:37
a3bb29cf-01bb-44fa-9196-127bd29b3a3a,mason.mobi,available,7.49,55.99,high,low,5,namesilo,,,16/09/2026 12:59
95afe8c5-8041-4dc8-ac47-76bbdeda8a98,starkly.mobi,available,7.49,55.99,medium,low,7,namesilo,,,16/09/2026 06:57
09eb3687-12e3-4ede-9bc2-53734ab5abca,rectangle.mobi,available,6.99,,high,low,9,name.com,,,
4c68bfcf-6997-4860-b67c-5a154b1e6535,prc.mobi,available,4.48,64.98,high,low,3,namecheap,,,25/09/2026 22:08
75227806-fc4a-4942-9cad-7939d6a05b48,uninformed.mobi,available,4.48,64.98,medium,low,10,namecheap,,,12/09/2026 13:22
6ee4edb0-45cb-4cd4-b4c2-e9f64b878510,atonic.mobi,available,4.48,64.98,low,low,6,namecheap,,,07/08/2026 13:54
036da180-0b82-443f-bbd7-9b2530d8aee3,lavishly.mobi,available,4.48,64.98,medium,low,8,namecheap,,,15/09/2026 11:03
82be1541-933f-4cd5-999f-68184f3494fe,indiscreet.mobi,available,4.48,64.98,medium,low,10,namecheap,,,22/08/2026 03:07
19213cf7-c823-499d-a9b2-2e6d94a5a5e9,compromise.mobi,available,7.49,55.99,high,low,10,namesilo,,,24/09/2026 16:54
a81f25e9-5aae-4e4a-8553-716cc4f4cf47,luzon.mobi,available,40.2,40.2,high,low,5,cloudflare,,,27/09/2026 14:53
d671d0b8-81ff-44c8-a97c-3b7df4fd6260,excision.mobi,available,4.48,64.98,medium,low,8,namecheap,,,16/09/2026 16:06
665e2222-ac15-49bc-814c-b5e64a885c2d,reposeful.mobi,available,4.48,64.98,medium,low,9,namecheap,,,09/09/2026 13:28
0982082a-8afd-48dc-8765-f67341b6ec37,overdressed.mobi,available,7.49,55.99,medium,low,12,namesilo,,,16/09/2026 17:42
6fd5e9b6-aa74-4349-9d3d-82664e27ac6a,horne.mobi,available,7.49,55.99,high,low,5,namesilo,,,27/09/2026 14:08
4193d5f7-879a-4677-bf09-01cc752ff0bb,finespun.mobi,available,4.48,64.98,medium,low,8,namecheap,,,18/08/2026 04:51
7a1d7946-27b1-4542-8838-996bc8554613,peaty.mobi,available,4.48,64.98,medium,low,5,namecheap,,,08/09/2026 11:28
13109991-85de-446d-9e7e-37078e4e520c,fulton.mobi,available,7.49,55.99,high,low,6,namesilo,,,25/09/2026 06:12
d7f73fca-ed3b-4515-9032-37a6ba42e6f5,technical.mobi,available,4.48,64.98,high,low,9,namecheap,,,23/09/2026 20:19
ae1537d3-c754-4d7c-aded-de574b864174,pronounce.mobi,available,6.99,,high,low,9,name.com,,,
57630a66-ca62-4ade-a40c-1aa499706005,yogurt.mobi,available,3.82,41.6,high,low,6,spaceship,,,28/09/2026 02:43
fc436202-df2d-431d-bc57-099e9242ab0f,diminished.mobi,available,4.48,64.98,medium,low,10,namecheap,,,07/08/2026 15:00
f723f23e-227f-4c4a-9bad-dbbbc290fd58,plumy.mobi,available,4.48,64.98,medium,low,5,namecheap,,,18/08/2026 00:25
e27f3962-ee0d-40ee-8832-31298113e7c5,helpless.mobi,available,4.48,64.98,medium,low,8,namecheap,,,21/08/2026 06:38
821f2942-3fe4-4dbd-aad1-9eb6c670714c,truster.mobi,available,7.49,55.99,medium,low,7,namesilo,,,23/09/2026 05:14
c0a26fef-8115-4bdd-9e99-1f4a9ce7bafb,peeled.mobi,available,4.48,64.98,medium,low,6,namecheap,,,08/08/2026 18:24
50dd39ab-1929-4740-8092-5a64a3af1130,mirish.mobi,available,4.48,64.98,medium,low,6,namecheap,,,16/09/2026 16:36
4dc44a7c-0b86-4ae1-ac80-3d30fddb1db1,beauty.mobi,resell,,,high,low,6,"Sav.com, LLC - 2",09/08/2026 15:15,09/08/2027 15:15,27/09/2026 02:15
c9a705d7-304b-410f-a902-e6b31d2336ba,bra.mobi,premium,500,,high,low,3,name.com,,,
ef6b7251-df1c-4a6f-bd7c-1415b0ce5c91,huffy.mobi,available,4.48,64.98,medium,low,5,namecheap,,,21/08/2026 14:40
17d771e4-70c8-4591-9b8f-4d6fb8535e00,suburban.mobi,available,4.48,64.98,high,low,8,namecheap,,,11/09/2026 00:54
db616873-8f09-44bf-a16e-4fe99b2d74b5,induced.mobi,available,4.48,64.98,high,low,7,namecheap,,,22/08/2026 03:27
efad9a10-e6cb-42be-a74f-ffe94d2e7432,stepaside.mobi,available,7.49,55.99,medium,low,10,namesilo,,,16/09/2026 15:09
4a14d5b8-5dd6-49a0-81f7-0ca275016378,merciless.mobi,available,4.48,64.98,medium,low,9,namecheap,,,24/08/2026 20:36
a8bed098-f6c8-429b-964b-3725920a7056,joyfully.mobi,available,4.48,64.98,high,low,8,namecheap,,,14/09/2026 21:32
42122808-8138-4d19-bdf9-af8e53cd54dd,ritzy.mobi,available,4.48,64.98,high,low,5,namecheap,,,09/09/2026 18:04
27d0c338-35aa-4d5d-bcda-b1fc564ce520,blether.mobi,available,7.49,55.99,medium,low,7,namesilo,,,24/09/2026 04:49
b221db92-760b-49e7-906b-8cc907298c0c,statue.mobi,available,7.49,55.99,high,low,6,namesilo,,,26/09/2026 00:24
95c54b97-e5c1-4ce2-9d68-835c62e6d614,smirks.mobi,available,7.49,55.99,low,low,6,namesilo,,,20/09/2026 14:28
a2abf3d0-8878-4c98-a061-a691ac978d75,anubis.mobi,available,7.49,55.99,medium,low,6,namesilo,,,19/09/2026 11:58
185abfb0-76e6-4f73-92bc-716630f1ca95,packs.mobi,available,7.49,55.99,medium,low,5,namesilo,,,20/09/2026 13:29
5d2f97c8-a166-4bc5-917d-ac13c8bd8782,jam.mobi,available,7.49,55.99,high,medium,3,namesilo,,,25/09/2026 22:35
9544e7b5-69c7-4b13-b2c0-5d63c2469d16,steel.mobi,available,,,high,low,5,,,,
14c4612b-8940-4d8c-9c8d-8632f7b3ea4a,kinsey.mobi,available,7.49,55.99,high,low,6,namesilo,,,18/09/2026 06:26
0f2120a6-b627-449c-8567-8b3c0ad8d3d0,lyons.mobi,available,4.48,64.98,high,low,5,namecheap,,,25/09/2026 06:03
6908eafc-f8cc-4537-88dc-86d6ba55351a,enduring.mobi,available,4.48,64.98,high,low,8,namecheap,,,
a8e3f434-aa0c-4632-8225-04d32b54cf33,despot.mobi,available,7.49,55.99,medium,low,6,namesilo,,,21/09/2026 06:11
ea5fe148-d5ca-4cbf-9f62-b9dc0291fad1,buyer.mobi,available,6.99,,high,low,5,name.com,,,
d55932fd-dc74-431e-96e3-172932da0500,pall.mobi,available,4.48,64.98,medium,low,4,namecheap,,,22/08/2026 11:56
8eaaaebb-46a1-4273-841f-1432c6d2d660,detecting.mobi,available,6.99,,high,low,9,name.com,,,
dad37a2c-3314-4b49-a91c-71340a7d31a1,corn.mobi,available,,,high,low,4,,,,
36dd0e16-d39f-4ab2-90d5-4752b8fca2a1,commonly.mobi,available,6.99,,high,low,8,name.com,,,
4ea83ed5-b6b9-49bd-9dc9-da5d25692925,aspartame.mobi,available,7.49,55.99,medium,low,9,namesilo,,,20/09/2026 14:43
ef790167-7418-4e05-97ce-cad8d7a29265,louise.mobi,available,7.49,55.99,high,low,6,namesilo,,,25/09/2026 13:47
210e1726-1110-4194-947e-65095261f2a8,schnabel.mobi,available,7.49,55.99,medium,low,8,namesilo,,,20/09/2026 12:04
4afbe15c-f7e3-4456-b843-876f8d560430,slovak.mobi,available,7.49,55.99,high,low,6,namesilo,,,25/09/2026 10:44
0705cfa3-ad86-4b55-99da-98e78f9a58ac,rehabs.mobi,available,6.99,64.99,low,low,6,name.com,,,20/09/2026 09:43
bbf6f7d9-5d75-433d-8e5d-6b9ffd9df07b,profane.mobi,available,4.48,64.98,high,low,7,namecheap,,,10/08/2026 13:22
deb891ef-fddf-4614-8832-aff22eba4b76,prink.mobi,available,7.49,55.99,medium,low,5,namesilo,,,21/09/2026 02:05
9c7b004a-5b45-481d-9d21-a9774247a489,concise.mobi,available,4.48,64.98,high,low,7,namecheap,,,23/09/2026 19:03
13c8a2cc-cd37-48b6-8a2e-46c24fc332b0,multitude.mobi,available,6.99,,high,low,9,name.com,,,
fd255d40-5df0-46d6-82f5-cfb5e0585483,hesse.mobi,available,7.49,55.99,high,low,5,namesilo,,,27/09/2026 04:26
8714c1c0-39c9-4718-9bbf-99048a8d6327,dream.mobi,available,,,high,medium,5,,,,
90458d59-2d5f-40b5-93e6-330a818ff9b7,xlvi.mobi,available,4.48,64.98,medium,low,4,namecheap,,,
15b51daa-fe0c-4f62-a9d5-e70306874904,downwards.mobi,available,4.48,64.98,medium,low,9,namecheap,,,14/08/2026 17:16
fa98f8b8-d14d-4848-bd35-405ac58e6ed1,abstractly.mobi,available,4.48,64.98,medium,low,10,namecheap,,,13/09/2026 16:42
1549aa11-e1e6-40c5-bcf1-25f43e853c63,elliptic.mobi,available,4.48,64.98,high,low,8,namecheap,,,15/08/2026 17:59
53261133-5eea-4df5-b1d8-ebb74ba0180f,matutinal.mobi,available,4.48,64.98,medium,low,9,namecheap,,,24/08/2026 17:33
06e33c5f-1eae-454f-8199-296d74ce5315,exchanged.mobi,available,4.48,64.98,high,low,9,namecheap,,,17/08/2026 16:20
0a22bb4c-de0c-4005-9246-4e9f5473f25f,waxwork.mobi,available,4.48,64.98,medium,low,7,namecheap,,,18/09/2026 19:16
9214bab5-3bb2-4556-8e55-e0bcddc923e6,parthian.mobi,available,4.48,64.98,medium,low,8,namecheap,,,08/09/2026 01:59
171b00cd-8e0a-4116-b574-7aeeda2e3366,amsterdam.mobi,available,7.49,55.99,high,low,9,namesilo,,,19/09/2026 00:08
79b31886-8444-444f-a7db-6262ad2b7bcc,woods.mobi,available,,,high,low,5,,,,
15826772-b88f-423e-b3f3-3a0dd48b6f5c,reptilian.mobi,available,4.48,64.98,medium,low,9,namecheap,,,09/09/2026 14:40
ac263624-753e-4b78-9595-2a364c99382f,critically.mobi,available,6.99,,medium,low,10,name.com,,,
509f85b1-e8f5-474a-9df9-58ebf25e4065,notability.mobi,available,4.48,64.98,high,low,10,namecheap,,,03/09/2026 22:04
fda01e5b-f82e-44c8-910b-2caab164ef59,plumbing.mobi,resell,,,high,low,8,"GoDaddy.com, LLC",26/09/2006 14:05,26/09/2027 14:05,26/09/2026 08:13
28d01a9d-ad14-4de9-b256-78ad0a5897c5,spiraling.mobi,available,4.48,64.98,medium,low,9,namecheap,,,12/08/2026 16:12
1fe8ea60-5264-4c20-893f-2fb13ea3f056,handbill.mobi,available,4.48,64.98,medium,low,8,namecheap,,,11/08/2026 05:06
e995c4e6-9a16-4f25-8791-511baa2ac0ba,chambered.mobi,available,4.48,64.98,medium,low,9,namecheap,,,12/08/2026 01:34
8cb4eb34-18af-4855-8712-76331f4e6c20,insult.mobi,available,7.49,55.99,high,low,6,namesilo,,,17/09/2026 14:53
f5711847-3083-4c22-b499-ddeb38f370ff,cyprinid.mobi,available,6.99,64.99,medium,low,8,name.com,,,13/08/2026 14:27
3d09cdb0-896e-4ca8-8c07-bf44d311e3c8,plodder.mobi,available,4.48,64.98,medium,low,7,namecheap,,,10/09/2026 20:23
c8017a25-676f-4aa7-ae5b-3e0556ac00f9,desires.mobi,available,7.49,55.99,high,low,7,namesilo,,,17/09/2026 08:40
8b59c16d-2e7d-4465-a434-6d118f845abc,clxxv.mobi,available,4.48,64.98,medium,low,5,namecheap,,,
f9820dd0-65f9-48ce-bc32-507b10dd0619,puke.mobi,available,4.48,64.98,medium,low,4,namecheap,,,11/08/2026 09:18
2503aee1-5d7c-4a1c-a9a4-fa9cb2d731b8,agamemnon.mobi,available,6.99,64.99,medium,low,9,name.com,,,17/09/2026 16:06
1ee535d1-ce00-4d65-a1d4-f88a9502cf4f,restriction.mobi,available,6.99,,high,low,11,name.com,,,
f1a4f0c6-1c04-4850-bb5e-029ad96ce57b,useless.mobi,available,6.99,,medium,low,7,name.com,,,
fd6de717-d95e-40ad-acc1-5e745d1c6bad,anisette.mobi,available,7.49,55.99,medium,low,8,namesilo,,,19/09/2026 09:29
63d66a84-126f-4105-865f-f93d4d391a8f,herald.mobi,available,7.49,55.99,high,low,6,namesilo,,,16/09/2026 22:39
006fca7a-d04b-4bd4-99aa-9df761bd8ca1,alkaline.mobi,available,6.99,64.99,high,low,8,name.com,,,22/09/2026 00:14
71be6581-9f51-4d36-900f-10ec5d46aaca,intended.mobi,available,4.48,64.98,high,low,8,namecheap,,,25/09/2026 09:53
00c70cbe-3071-4d53-9bd9-b74b216eedf5,contained.mobi,available,7.49,55.99,high,low,9,namesilo,,,23/09/2026 21:42
5117ef7f-44ea-40b5-a32e-732527f63055,sagacious.mobi,available,4.48,64.98,high,low,9,namecheap,,,08/09/2026 18:02
52873df9-18f9-4251-82c8-808d824ba022,abrachia.mobi,available,4.48,64.98,medium,low,8,namecheap,,,16/09/2026 16:47
948a11ab-3558-4001-9f39-4bb393a25a7b,irwin.mobi,available,,,medium,low,5,,,,25/09/2026 20:02
6da6493d-0662-4860-a317-abe20cdc27ce,abor.mobi,available,7.49,55.99,medium,low,4,namesilo,,,16/09/2026 16:36
ee13bdc8-5658-4850-8c71-a3b8e9558efb,cymry.mobi,available,4.48,64.98,medium,low,5,namecheap,,,13/09/2026 10:45
dca51c0f-8425-4bf2-8722-11c8e7975e13,apparent.mobi,available,4.48,64.98,high,low,8,namecheap,,,06/08/2026 05:08
c46959fc-51cf-4194-b0b0-7e2e375ab369,ebonics.mobi,available,7.49,55.99,medium,low,7,namesilo,,,16/09/2026 13:39
61546023-135b-4ac1-a35b-9884fae80847,unstoppable.mobi,available,6.99,,high,low,11,name.com,,,
656d05dc-bb95-4eef-8589-2bc2885a4a83,dusts.mobi,available,7.49,55.99,low,low,5,namesilo,,,21/09/2026 01:44
8f040138-e6f0-4ccf-9c8b-e92919b94748,lion.mobi,available,,,high,low,4,,,,
b85c2388-fc9a-4b41-8201-778b1462d983,achromic.mobi,available,4.48,64.98,medium,low,8,namecheap,,,
cf37a948-9d81-4b39-bbfe-acb588fb981e,sticking.mobi,available,7.49,55.99,high,low,8,namesilo,,,27/09/2026 06:41
241608e4-c790-4de4-871b-ca08f33dc06f,diocese.mobi,available,4.48,64.98,high,low,7,namecheap,,,23/09/2026 21:58
e6547648-26a5-4757-bd04-1eda86cd799d,shrubby.mobi,available,4.48,64.98,medium,low,7,namecheap,,,18/08/2026 17:15
d9bf2ae5-62c3-4e38-9440-b97bb72e7b5f,whacky.mobi,available,4.48,64.98,medium,low,6,namecheap,,,06/08/2026 21:32
5b16b9e2-5048-4340-9c25-4b173b8c1770,ingrowing.mobi,available,4.48,64.98,medium,low,9,namecheap,,,22/08/2026 04:54
f00638c5-70b7-4a2c-b843-cba4b7516481,septenary.mobi,available,4.48,64.98,medium,low,9,namecheap,,,
2df2b0af-9bcf-4286-a123-1b5d6335c95c,composing.mobi,available,7.49,55.99,high,low,9,namesilo,,,24/09/2026 16:54
ffb736fb-37e9-4526-8b2a-963b23a1cd7a,attempt.mobi,available,,,high,low,7,,,,
aaa86f14-1adc-4268-834d-e6b458035005,subsonic.mobi,available,4.48,64.98,medium,low,8,namecheap,,,11/09/2026 00:50
de207183-cf2c-41c6-beb6-723c18d8ada7,conspiracy.mobi,available,6.99,,high,low,10,name.com,,,
875e3739-aa75-4560-9e89-2a41a4805073,pizzeria.mobi,available,,,high,low,8,,,,
f3e5e9f6-a8cb-40c6-8857-c0fcd873587b,deposit.mobi,premium,6.99,,high,low,7,name.com,,,
940483a8-12d9-4a37-ad46-4b1c31fb81df,nazarene.mobi,available,4.48,64.98,high,low,8,namecheap,,,14/08/2026 23:06
8f9944a9-bec3-449b-83ff-799e8248c8c8,cheated.mobi,available,6.99,,medium,low,7,name.com,,,
723e74cd-c010-4f82-8f56-6b0c1adf81c0,indulgent.mobi,available,4.48,64.98,high,low,9,namecheap,,,22/08/2026 03:33
aab32632-addb-4678-843c-972be5652c7c,scientific.mobi,available,4.48,64.98,high,low,10,namecheap,,,25/09/2026 22:34
50959f5d-4a25-49bc-addf-4403744f482a,finishing.mobi,available,7.49,55.99,high,low,9,namesilo,,,27/09/2026 03:58
cea36f7e-2ee4-4617-96b2-ba4a6bf8d6b6,afford.mobi,available,4.48,64.98,high,low,6,namecheap,,,25/09/2026 11:07
544aa52c-dee9-44d4-b5fb-063c6571b396,equivalent.mobi,available,7.49,55.99,high,low,10,namesilo,,,24/09/2026 14:50
e765c5b8-5110-4b3e-ac02-8e63c0a5ccde,fanny.mobi,available,,,medium,low,5,,,,
21b811c6-fd81-4e76-a4a3-8830d47e6091,henry.mobi,available,7.49,55.99,high,low,5,namesilo,,,25/09/2026 07:16
9949e085-1f48-4f01-9b55-8f442f2fd6e0,downscale.mobi,available,4.48,64.98,medium,low,9,namecheap,,,14/08/2026 17:52
b88c7ac9-c5c6-4e28-a93b-22a03ec416b2,leathery.mobi,available,4.48,64.98,medium,low,8,namecheap,,,13/08/2026 01:13
70f57ad0-9ee0-4614-82f1-3bbcc47cf2ca,systemic.mobi,available,4.48,64.98,high,low,8,namecheap,,,11/09/2026 06:46
2d9cf93c-9f2b-4c42-ab6e-617629e5071a,actinidia.mobi,available,7.49,55.99,medium,low,9,namesilo,,,17/09/2026 04:47
f8376b35-353a-42a5-b213-241122d13795,anomala.mobi,available,7.49,55.99,medium,low,7,namesilo,,,19/09/2026 11:24
be6e1346-9af6-4717-9003-dc737c7280a0,vary.mobi,available,7.49,55.99,high,low,4,namesilo,,,25/09/2026 21:59
f509a5c1-d93f-4bae-a163-a88d5c456a65,grades.mobi,available,40.2,40.2,high,low,6,cloudflare,,,27/09/2026 11:23
cc762a9e-5ef3-4352-9a44-ca958e5ad006,rescued.mobi,available,4.48,64.98,high,low,7,namecheap,,,09/09/2026 11:35
c486f3cd-edd2-49fe-9fd2-b57be4d71ba1,bagful.mobi,available,4.48,64.98,medium,low,6,namecheap,,,21/09/2026 17:57
357a3346-454d-4c1c-be4f-b599e534e64d,bijou.mobi,available,7.49,55.99,high,low,5,namesilo,,,23/09/2026 15:32
bbcbd955-3864-4262-8672-2ddc4de51280,unhuman.mobi,available,4.48,64.98,medium,low,7,namecheap,,,14/08/2026 00:04
668a4acb-099c-4d2b-8466-d00d794ab444,upright.mobi,available,4.48,64.98,high,low,7,namecheap,,,17/08/2026 12:05
0f0338d5-e191-456d-aa6d-d741ae385e1c,pseudo.mobi,available,4.48,64.98,high,low,6,namecheap,,,09/09/2026 04:56
87c46161-aa4f-43ea-8142-f776e2a04c61,impulse.mobi,available,,,high,low,7,,,,
5f00b776-9e28-4ea3-9ccc-da9102df26ba,summery.mobi,available,4.48,64.98,medium,low,7,namecheap,,,11/09/2026 01:38
453f3b29-4e96-4231-808c-164363ceb122,unaged.mobi,available,4.48,64.98,medium,low,6,namecheap,,,12/09/2026 00:11
999cda2c-5249-464c-9176-33aa364b05d0,debacle.mobi,available,4.48,64.98,medium,low,7,namecheap,,,13/09/2026 07:56
1c71b68a-9467-4438-b658-38bb5b664ff4,apatura.mobi,available,7.49,55.99,medium,low,7,namesilo,,,19/09/2026 16:22
ca4dbf92-da64-49f2-9a0c-3bb45816d95a,ambulance.mobi,available,7.49,55.99,high,low,9,namesilo,,,18/09/2026 17:28
141cbba7-bfbc-41e0-9955-d88e179d3eed,arbitrary.mobi,available,4.48,64.98,high,low,9,namecheap,,,06/08/2026 12:54
6db44db3-a62f-42c5-980d-360b3ef3734d,splendid.mobi,available,4.48,64.98,high,low,8,namecheap,,,17/08/2026 16:04
7a6713c1-de0c-486d-9a86-7a679205a576,verdant.mobi,available,4.48,64.98,high,low,7,namecheap,,,13/09/2026 02:22
a87dcfd0-2aed-410c-b310-dab33ead9c20,operative.mobi,available,4.48,64.98,high,low,9,namecheap,,,04/09/2026 16:29
b4890917-38ba-4b87-bb6f-d6684666dd16,advertent.mobi,available,4.48,64.98,medium,low,9,namecheap,,,
205850d0-92a5-4d18-a9d1-787817590adc,ardour.mobi,available,7.49,55.99,medium,low,6,namesilo,,,20/09/2026 03:15
2e89ae5c-ed7e-4dc9-8eac-f75c56c5387a,jovial.mobi,available,4.48,64.98,high,low,6,namecheap,,,22/08/2026 13:42
88596c7f-fc71-48d5-a2ec-9cb272b5e7c0,knight.mobi,available,,,high,low,6,,,,
e944e90e-de73-45c6-ab8c-439e06f1384a,anecdote.mobi,available,7.49,55.99,high,low,8,namesilo,,,19/09/2026 05:07
43cd7cc3-91fd-471f-aa7d-30d6e690fd54,crosspatch.mobi,available,4.48,64.98,medium,low,10,namecheap,,,13/08/2026 05:02
d4d05fff-96cb-4dca-946d-added72b2941,mirthful.mobi,available,4.48,64.98,high,low,8,namecheap,,,12/08/2026 19:00
1a8db8de-50b1-40c8-91f2-26e9a3d39b9b,lindsay.mobi,available,6.99,,high,low,7,name.com,,,
a684433c-ed0b-439e-bf08-7e6911200d00,foliose.mobi,available,4.48,64.98,medium,low,7,namecheap,,,18/08/2026 10:11
61838909-5f4f-45af-9a82-7f365f749a79,kwhr.mobi,available,7.49,55.99,high,low,5,namesilo,,,21/09/2026 11:57
9ff0afe0-2214-495e-8298-8870af93786d,northeast.mobi,available,4.48,64.98,high,low,9,namecheap,,,03/09/2026 21:31
7a28a93c-ebef-46f6-a80f-9d060a4d6cfd,undercover.mobi,available,4.48,64.98,high,low,10,namecheap,,,12/08/2026 09:28
e2062465-8fd3-4a0e-bf0b-258858b7b6fa,equals.mobi,available,7.49,55.99,medium,low,6,namesilo,,,18/09/2026 22:09
dafade13-987f-4ab5-afb2-c5ba76dc1f94,songwriter.mobi,available,7.49,55.99,high,low,10,namesilo,,,21/09/2026 22:37
7eb901b4-3199-4258-9cd6-3132a6356e32,sudanese.mobi,available,4.48,64.98,high,low,8,namecheap,,,11/09/2026 01:05
c9debd19-de9b-490c-aa01-548668fb1e41,cheerio.mobi,available,7.49,55.99,high,low,7,namesilo,,,17/09/2026 08:13
0ecc6103-8915-43e4-8052-d4e99da98364,broadsheet.mobi,available,4.48,64.98,high,low,10,namecheap,,,11/08/2026 05:08
7e958b46-2165-400b-9aae-c7ce4d042318,ourselves.mobi,available,4.48,64.98,medium,low,9,namecheap,,,27/09/2026 08:55
61e54c01-3a15-4d2d-9b29-77a1e6750725,sagely.mobi,available,4.48,64.98,medium,low,6,namecheap,,,16/09/2026 00:31
5cd96b30-d66a-45d1-bdca-193fcdfcc63c,muffled.mobi,available,4.48,64.98,medium,low,7,namecheap,,,03/09/2026 10:26
fb220ccc-6264-4485-912b-ee590a576792,intently.mobi,available,4.48,64.98,medium,low,8,namecheap,,,15/09/2026 08:56
bda8359f-ef99-4982-945c-6dfcde8f4f5a,congregational.mobi,available,6.99,,medium,low,14,name.com,,,
976bdce4-0e55-4f58-9b00-68846594c20e,barbu.mobi,available,7.49,55.99,medium,low,5,namesilo,,,22/09/2026 05:04
390e1a58-08b5-4c22-b80c-6540c3b90f24,capitalise.mobi,available,6.99,,high,low,10,name.com,,,
04b1f9c6-a0f3-493d-9c8f-d2504addb5f2,actinoid.mobi,available,4.48,64.98,medium,low,8,namecheap,,,
2f6e5808-9394-4871-97bf-c132186681f4,birr.mobi,available,4.48,64.98,medium,low,4,namecheap,,,13/09/2026 11:33
ab81c7ec-e24d-4b47-9a55-aedf44d496ab,bandleader.mobi,available,7.49,55.99,high,low,10,namesilo,,,22/09/2026 01:25
d41091a1-e329-43e8-931a-059efd09502c,monistic.mobi,available,4.48,64.98,medium,low,8,namecheap,,,25/08/2026 04:51
076a3fec-8898-4510-bcc0-fe2c6888c461,quintette.mobi,available,4.48,64.98,medium,low,9,namecheap,,,09/09/2026 09:00
74a07a85-53eb-4257-a8bb-26c59697a58a,barbarian.mobi,available,4.48,64.98,medium,low,9,namecheap,,,08/08/2026 15:26
30cd4318-432e-43d7-9ab4-f21ccdeae499,premolar.mobi,available,4.48,64.98,high,low,8,namecheap,,,09/08/2026 19:46
6f19bde0-08bd-4dd1-9178-b05ae1e6a1c2,pedestrian.mobi,available,4.48,64.98,high,low,10,namecheap,,,08/09/2026 12:28
40902d07-5d4b-4e1d-948a-a51e56a95ed9,olibanum.mobi,available,7.49,55.99,medium,low,8,namesilo,,,16/09/2026 09:03
fc152524-e32d-4e5a-a655-ad817dd61d79,abohm.mobi,available,7.49,55.99,medium,low,5,namesilo,,,16/09/2026 16:26
e97832ae-7069-4b36-86d3-3ecf90ab64da,strikes.mobi,available,7.49,55.99,medium,low,7,namesilo,,,27/09/2026 09:13
10be37cd-98b1-4214-ad00-c7f43ef803f1,replace.mobi,available,3.82,41.6,high,low,7,spaceship,,,28/09/2026 01:47
ea541d7c-46d5-4931-ac92-292984fc7279,jagged.mobi,available,4.48,64.98,medium,low,6,namecheap,,,17/08/2026 12:32
3885bce0-4f16-4244-a6a3-1bdc65a02649,reflexion.mobi,available,4.48,64.98,high,low,9,namecheap,,,03/09/2026 11:28
3d250d43-13c9-4f62-b964-18eee056c46b,doctrinal.mobi,available,4.48,64.98,medium,low,9,namecheap,,,14/08/2026 14:25
02cf98cd-16e9-4814-92cd-003093f9e516,inventory.mobi,available,7.49,55.99,high,low,9,namesilo,,,23/09/2026 08:19
eb378822-4579-4a7a-831e-4a8f8937f436,forbidding.mobi,available,4.48,64.98,medium,low,10,namecheap,,,18/08/2026 11:08
6b8211e8-1346-4c20-b4cb-dd7e0e972530,allergy.mobi,available,6.99,,high,low,7,name.com,,,
593992f0-1a13-44a3-be79-e2e82ad434c0,experience.mobi,available,,,high,low,10,,,,
7ff3ba70-5eed-4998-b6ec-09ad7726ead1,billhook.mobi,available,6.99,64.99,medium,low,8,name.com,,,23/09/2026 16:21
1bc8f5b8-de5d-4ad6-97e3-465ab05b1e75,likeable.mobi,available,4.48,64.98,high,low,8,namecheap,,,23/08/2026 06:11
0587b673-6f40-4ebd-ab44-d7adff922d7a,represented.mobi,available,6.99,,high,low,11,name.com,,,
55f5bbd4-8f85-4642-9ccd-488cdce4de47,aramaic.mobi,available,4.48,64.98,medium,low,7,namecheap,,,06/08/2026 12:13
3eeb1366-28f5-45f7-a4b5-42a532894c4c,birches.mobi,available,4.48,64.98,medium,low,7,namecheap,,,20/09/2026 07:32
a1a9ece1-8dc1-4a6c-81db-12ff7cdf2637,pigfish.mobi,available,7.49,55.99,medium,low,7,namesilo,,,17/09/2026 00:46
0c1c05d2-5929-406c-91ee-2313503fb41a,frore.mobi,available,4.48,64.98,low,low,5,namecheap,,,18/08/2026 16:21
91a3a6d9-8d81-4b19-8304-5e33f911faed,bigamy.mobi,available,7.49,55.99,medium,low,6,namesilo,,,23/09/2026 15:03
11a83156-32e3-4fc7-9dac-9b417051750c,breeding.mobi,available,4.48,64.98,high,low,8,namecheap,,,11/08/2026 03:36
7afea854-8bd2-4e50-8d1e-5e077bf7181d,ahorse.mobi,available,4.48,64.98,medium,low,6,namecheap,,,
0dde65f6-91f1-4cf2-bfe7-df3e706322c8,washes.mobi,available,7.49,55.99,medium,low,6,namesilo,,,20/09/2026 04:54
907be6ad-2182-4407-9c00-8a100aa825e9,athenaeum.mobi,available,7.49,55.99,medium,low,9,namesilo,,,20/09/2026 20:40
c4183f2d-a03c-47e1-b54e-cf9fed9402e4,servile.mobi,available,4.48,64.98,medium,low,7,namecheap,,,10/09/2026 04:55
54fb3341-eb00-48de-8666-63ec83c7f58e,admiralty.mobi,available,4.48,64.98,medium,low,9,namecheap,,,17/09/2026 08:53
a1004208-179f-4228-879b-d693cd68c103,bearded.mobi,available,4.48,64.98,high,low,7,namecheap,,,08/08/2026 16:05
4b829242-01ab-447b-ab94-3d45e325b672,purr.mobi,available,4.48,64.98,high,low,4,namecheap,,,23/09/2026 20:53
2d0c77ec-b984-4200-b3af-13a86665f578,ano.mobi,premium,242,242,high,low,3,namesilo,,,16/09/2026 18:45
a61727b7-7e90-450f-a06a-315f09ec928a,artful.mobi,available,4.48,64.98,high,low,6,namecheap,,,06/08/2026 22:44
fd0e741e-8fd6-4cf8-8383-5fd0939fb391,tomboy.mobi,available,6.99,,high,low,7,name.com,,,
9040ced9-4b32-40b4-95c6-f362aa1f4b5b,hypnotic.mobi,available,4.48,64.98,high,low,8,namecheap,,,21/08/2026 17:07
cb36ec65-5d17-4d0d-96ae-e726d13331e8,telluric.mobi,available,4.48,64.98,medium,low,8,namecheap,,,11/09/2026 10:39
85743e3e-d5b0-4e70-903d-4d7234d64491,concern.mobi,available,6.99,,high,low,7,name.com,,,
028e23e8-b40b-45ad-9f41-81f6b9d1acba,aligned.mobi,available,4.48,64.98,high,low,7,namecheap,,,
0c7eaa21-cc7d-49e4-9628-27038c2b6211,apophthegm.mobi,available,7.49,55.99,medium,low,10,namesilo,,,19/09/2026 17:11
920552a9-aa51-4bd6-9797-7ae0132ab3ec,assumed.mobi,available,4.48,64.98,medium,low,7,namecheap,,,07/08/2026 07:45
42a0d51c-c80b-4fe9-b1a1-3bd848c4b5f6,inexplicit.mobi,available,4.48,64.98,medium,low,10,namecheap,,,21/08/2026 22:39
6ad002c3-b7e1-483d-b03e-93615ec0910e,grayly.mobi,available,4.48,64.98,low,low,6,namecheap,,,14/09/2026 22:14
569281ef-c4a4-4db9-89d0-75e59d0b6504,timorous.mobi,available,4.48,64.98,medium,low,8,namecheap,,,11/09/2026 16:05
166afd8a-a1ad-4322-89a5-7ef9b5359283,abasic.mobi,available,4.48,64.98,medium,low,6,namecheap,,,
07ab51a5-da40-4962-8e6d-b677fb625a02,avo.mobi,available,7.49,55.99,high,low,3,namesilo,,,21/09/2026 09:36
15578535-a87b-4a69-9069-52bce7e65b04,nonionic.mobi,available,4.48,64.98,medium,low,8,namecheap,,,03/09/2026 19:33
200a64a4-d516-4963-90af-1c1b7e28f15c,menu.mobi,premium,5330.25,,high,low,4,"Name.com, Inc.",26/09/2006 14:01,26/09/2026 14:01,
c4c09378-08bd-496a-a985-917d219fc2ad,carbonyl.mobi,available,4.48,64.98,medium,low,8,namecheap,,,11/08/2026 18:41
ddd52120-9d76-4f03-b475-d55161e9f782,ade.mobi,available,7.49,55.99,high,low,3,namesilo,,,17/09/2026 07:12
98a43aba-f38a-427c-bcdf-73113630e7ed,unsparing.mobi,available,4.48,64.98,medium,low,9,namecheap,,,22/08/2026 21:11
99ef4507-d272-4a63-98bb-e35f2be2e97b,respectfully.mobi,available,6.99,,high,low,12,name.com,,,
37f7f870-2e03-44b2-bd22-8f03517cda92,robbie.mobi,available,3.82,41.6,high,low,6,spaceship,,,27/09/2026 19:05
2b4c6147-6b56-49c6-baab-45d79e3fe5bb,noiseless.mobi,available,4.48,64.98,medium,low,9,namecheap,,,03/09/2026 18:13
83fd112a-edec-41ec-a8e3-e4c7f4b8505e,asmara.mobi,available,7.49,55.99,medium,low,6,namesilo,,,20/09/2026 14:27
0eb937b4-5cd0-4605-8b79-e8e219553f67,whisking.mobi,available,6.99,,medium,low,8,name.com,,,
e4a13f60-7c7f-4ded-9f59-70691e5444c6,colloidal.mobi,available,4.48,64.98,medium,low,9,namecheap,,,12/08/2026 17:12
a8af3613-3838-495e-be54-48e5fa4c870e,evidential.mobi,available,4.48,64.98,high,low,10,namecheap,,,17/08/2026 15:02
e84f5436-d9b4-43df-a518-324766bcb15d,agrigento.mobi,available,7.49,55.99,medium,low,9,namesilo,,,17/09/2026 02:44
eb4965a0-bc92-4023-8e08-178c463425a5,effort.mobi,available,7.49,55.99,high,low,6,namesilo,,,23/09/2026 07:47
5bd25fc7-6128-4538-8122-128aed9918f8,appealing.mobi,available,4.48,64.98,high,low,9,namecheap,,,06/08/2026 05:51
a09c5faa-0c78-4bb8-bf05-047b19ece2ae,grecian.mobi,available,4.48,64.98,high,low,7,namecheap,,,20/08/2026 19:44
7ac86efd-66f0-45eb-80d4-6ad5b4a2200f,peaceful.mobi,available,7.49,55.99,high,low,8,namesilo,,,27/09/2026 03:13
fa0ca571-ec49-4229-a84f-4431cb3ef955,creditably.mobi,available,4.48,64.98,medium,low,10,namecheap,,,14/09/2026 09:30
0c633c3c-d9d3-469f-9166-5424192acfe2,inertial.mobi,available,4.48,64.98,medium,low,8,namecheap,,,22/08/2026 03:59
322ec7fd-4280-4950-9e6e-5edc925deb95,baneberry.mobi,available,7.49,55.99,medium,low,9,namesilo,,,22/09/2026 01:43
106e36bb-c964-4497-9d6b-4e4a6d58390f,thousand.mobi,available,7.49,55.99,high,low,8,namesilo,,,21/09/2026 11:02
90cf83ca-2992-4b82-948d-117069124e09,bellarmine.mobi,available,7.49,55.99,medium,low,10,namesilo,,,23/09/2026 05:54
6415ddfb-41f6-44d0-99f6-27d5666a7c2f,efferent.mobi,available,4.48,64.98,medium,low,8,namecheap,,,15/08/2026 14:22
ae935d66-d3f8-4af7-98a8-5cc5c49804d0,autarchic.mobi,available,4.48,64.98,medium,low,9,namecheap,,,07/08/2026 18:36
ca6cefdb-410f-4aa4-88f1-842c1b0159ea,similitude.mobi,available,7.49,55.99,medium,low,10,namesilo,,,18/09/2026 07:51
348350d4-283b-4c13-a0c1-1df9962a54c3,promotes.mobi,available,7.49,55.99,medium,low,8,namesilo,,,16/09/2026 11:54
d6bb9aa7-5c2e-485a-91b9-bb3aada0e9e2,appendix.mobi,available,4.48,64.98,high,low,8,namecheap,,,19/09/2026 20:40
3268e71f-fa63-4684-b639-5bf3bad305de,descendent.mobi,available,4.48,64.98,medium,low,10,namecheap,,,14/08/2026 03:16
9c55c6bb-965a-4f39-8d32-a3720048628b,deepen.mobi,available,4.48,64.98,high,low,6,namecheap,,,12/08/2026 19:32
e4f856b2-96e3-43b9-b092-ccb6cdd5bb3d,pernickety.mobi,available,4.48,64.98,medium,low,10,namecheap,,,08/09/2026 17:52
41772edd-e51a-4a5b-a298-1d92f7e16b40,barwood.mobi,available,4.48,64.98,medium,low,8,namecheap,,,
5194b23b-1929-4734-bd21-3172c1e4463a,equipt.mobi,available,4.48,64.98,high,low,6,namecheap,,,17/08/2026 11:53
930fd3df-c666-4716-8de2-460a625fb351,monica.mobi,available,4.48,64.98,high,low,6,namecheap,,,25/09/2026 13:55
902b0a7d-296f-464b-997d-86f847488871,annum.mobi,available,4.48,64.98,high,low,5,namecheap,,,19/09/2026 11:04
6a9a72c1-c22c-4a1e-b134-f5e4b8af58ce,adrenal.mobi,available,4.48,64.98,high,low,7,namecheap,,,
9c88cfe4-545f-429d-aeda-c89a1d2053fe,arjuna.mobi,available,7.49,55.99,high,low,6,namesilo,,,20/09/2026 06:08
28f1d2af-893e-4c48-a9ab-7f3d22472155,grayson.mobi,available,3.82,41.6,medium,low,7,spaceship,,,28/09/2026 00:47
424948b2-a9f3-41c4-bcd2-52589b8e73f0,azactam.mobi,available,7.49,55.99,medium,low,7,namesilo,,,21/09/2026 10:59
f1f4de64-c04a-4368-bbdd-acd0145874a6,belmont.mobi,available,4.48,64.98,high,low,7,namecheap,,,23/09/2026 06:57
8e38dd31-489b-4dbd-b445-b38ad403be3e,riskless.mobi,available,4.48,64.98,medium,low,8,namecheap,,,09/09/2026 17:59
7b5e7ce6-cccf-4750-8975-2515ea9d757c,quizzical.mobi,available,4.48,64.98,medium,low,9,namecheap,,,09/09/2026 08:39
f6eb35dd-ec3f-41ce-9f9a-3ee6551ddaa3,religious.mobi,available,4.48,64.98,high,low,9,namecheap,,,09/09/2026 13:37
99d017c7-8fd1-44bb-aae8-9d1d302890a4,split.mobi,available,7.49,55.99,high,low,5,namesilo,,,24/09/2026 11:30
02ae8506-028f-4cf1-a862-abe2da73bd7b,pleb.mobi,available,4.48,64.98,medium,low,4,namecheap,,,08/09/2026 21:04
16701e76-4097-4405-9ce0-50a7a364697d,quartette.mobi,available,4.48,64.98,medium,low,9,namecheap,,,09/09/2026 07:26
4dc2ec26-41bc-46cc-b0dd-3001a63b8a4b,eat.mobi,resell,,,high,low,3,"Sav.com, LLC - 46",09/08/2026 15:15,09/08/2027 15:15,26/09/2026 05:44
b8adb96e-2df7-468c-b802-2fe84a664c2c,cordially.mobi,available,4.48,64.98,medium,low,9,namecheap,,,14/09/2026 08:43
c69d5466-b964-4ad1-b3ca-8ba754c8a319,brecht.mobi,available,7.49,55.99,high,low,6,namesilo,,,23/09/2026 10:18
2f6360ab-8b0f-4f8d-93bb-bca1a46e63c5,slain.mobi,available,4.48,64.98,medium,low,5,namecheap,,,10/09/2026 09:53
718d90f4-34c3-4adb-8ca3-8be5217537e0,multiplication.mobi,available,6.99,,medium,low,14,name.com,,,
02562aab-03a7-49fa-9f33-f3714485ec59,creator.mobi,resell,,,high,medium,7,"Xiamen ChinaSource Internet Service Co., Ltd",26/11/2025 15:15,26/11/2026 15:15,26/09/2026 05:19
daad1ec7-233c-4ede-8705-4f45b7c927aa,mattresses.mobi,available,7.49,55.99,medium,low,10,namesilo,,,20/09/2026 14:45
a0756a3c-0cc8-4e7d-8d18-232d8c501dab,arbitrate.mobi,available,4.48,64.98,high,low,9,namecheap,,,22/08/2026 08:17
816e7f3b-b94d-4d96-84e8-8433b2621bed,innocuous.mobi,available,6.99,64.99,high,low,9,name.com,,,22/08/2026 05:56
7a229785-3135-4c0e-a157-94343dfd2d0f,tepid.mobi,available,4.48,64.98,medium,low,5,namecheap,,,20/08/2026 22:41
6b4ce2ab-a3b2-4a84-9073-bc3fe69b2aae,egoistic.mobi,available,4.48,64.98,medium,low,8,namecheap,,,15/08/2026 18:54
cd807085-3e8b-44ea-b607-11fcfd6bd084,sensible.mobi,available,4.48,64.98,high,low,8,namecheap,,,09/09/2026 11:07
7e53626f-1a8e-47e1-b57a-f6359d8aabb6,bering.mobi,available,7.49,55.99,high,low,6,namesilo,,,23/09/2026 04:03
c5edb740-1a8c-47b1-8cc4-26cc2e418f37,balloonist.mobi,available,7.49,55.99,medium,low,10,namesilo,,,21/09/2026 23:14
be1ccd34-722e-488f-887c-6489fdf9e51f,balustrade.mobi,available,7.49,55.99,high,low,10,namesilo,,,22/09/2026 00:29
a1660ada-a081-49e2-9ff5-1b1839285631,apophasis.mobi,available,4.48,64.98,medium,low,9,namecheap,,,19/09/2026 19:01
e8a1ef81-49e8-4921-a0b6-3a2e6ed4e16f,premium.mobi,resell,,,high,medium,7,"Spaceship, Inc.",12/12/2014 03:25,12/12/2026 03:25,27/09/2026 05:00
84a7dc84-5e0e-4685-bccf-e2a7a20c5e3a,outrageous.mobi,available,4.48,64.98,medium,low,10,namecheap,,,17/08/2026 17:38
052088cf-0803-4f06-a0b2-bc1f07164a5b,atrophic.mobi,available,4.48,64.98,medium,low,8,namecheap,,,07/08/2026 14:52
4f8c93ce-bce9-4b3d-81f6-b869507dcb45,provision.mobi,available,6.99,,high,low,9,name.com,,,
92dc3b93-ca48-42ed-8472-9beb3437be6a,auricular.mobi,available,4.48,64.98,medium,low,9,namecheap,,,07/08/2026 17:46
d3aeed63-f0e8-460c-93e8-a3fb2074b3ee,legless.mobi,available,4.48,64.98,medium,low,7,namecheap,,,22/08/2026 23:13
0c34e2f7-4d90-4c09-b9f3-dd3393321745,odour.mobi,available,4.48,64.98,medium,low,5,namecheap,,,20/09/2026 08:26
ce8e5045-e98a-4797-82ee-f79ab6e158d7,tame.mobi,available,4.48,64.98,high,low,4,namecheap,,,11/09/2026 07:40
64525624-59c5-4861-8129-7560e57e67eb,brushed.mobi,available,4.48,64.98,high,low,7,namecheap,,,11/08/2026 06:58
eeb2503b-bf5e-4681-82e9-bb2695a579e9,blackguard.mobi,available,7.49,55.99,medium,low,10,namesilo,,,24/09/2026 02:20
26b7316e-8a5b-4428-b787-6731bddd268d,forum.mobi,resell,,,high,low,5,"Sav.com, LLC - 27",09/08/2026 15:15,09/08/2027 15:15,26/09/2026 06:13
a19ada86-051c-4473-9fdf-33cc3b6a46e9,banksia.mobi,available,7.49,55.99,high,low,7,namesilo,,,22/09/2026 02:53
8d608db2-e0a5-44c7-b187-5f0eb83d1c0d,gimp.mobi,available,4.48,64.98,medium,low,4,namecheap,,,23/08/2026 13:28
47705b44-811b-481f-b2bc-0397a88b9cbb,acrosome.mobi,available,7.49,55.99,medium,low,8,namesilo,,,17/09/2026 03:58
1fbcdb75-7245-4a6d-a1c0-359415c04d73,periodic.mobi,available,4.48,64.98,medium,low,8,namecheap,,,08/09/2026 17:11
5769d8b8-72d8-4f34-a035-933f2dd93b21,sublingual.mobi,available,4.48,64.98,medium,low,10,namecheap,,,11/09/2026 00:14
a2eb82bc-cebf-45f7-9c99-fd0bf68ea62b,ballistic.mobi,available,4.48,64.98,medium,low,9,namecheap,,,08/08/2026 10:31
c4013486-a8d5-49f5-b515-29dab3600fce,cared.mobi,available,4.48,64.98,medium,low,5,namecheap,,,25/09/2026 19:49
49bbd466-6aae-427e-8068-b04684e4ba71,earthworm.mobi,available,7.49,55.99,high,low,9,namesilo,,,19/09/2026 06:33
3f7b3aa9-ed21-486f-b5c9-d96bdf33e60e,soundlike.mobi,available,6.99,,low,low,10,name.com,,,
9afb1edf-e9ee-4572-9e39-1cb4552c6e23,cattie.mobi,available,4.48,64.98,medium,low,6,namecheap,,,11/08/2026 22:14
b7108863-5cae-4a70-9852-3d35ef4c6857,moderation.mobi,available,6.99,,high,low,10,name.com,,,
784a7d72-9ce4-4eed-939a-c58fb8d9929d,addend.mobi,available,4.48,64.98,medium,low,6,namecheap,,,17/09/2026 06:41
a4783b11-d5e0-48a4-badb-e8ba35099818,country.mobi,available,,,high,low,7,,,,
137820cd-4b3b-440d-be35-93b66d131c45,assertive.mobi,available,4.48,64.98,medium,low,9,namecheap,,,07/08/2026 05:59
38805541-fa42-4e4e-9db0-bf6bc3e984f8,malign.mobi,available,4.48,64.98,medium,low,6,namecheap,,,24/08/2026 13:54
0fd87cff-cb4c-4d49-826c-234d2dc3f00c,needs.mobi,available,6.99,,high,low,5,name.com,,,
f9790cb1-d47b-4b52-aa74-b6de9c4ae69f,eta.mobi,available,4.48,64.98,high,low,3,namecheap,,,22/09/2026 11:43
bb3bf88d-835f-4164-838b-63f1cb80f730,hoar.mobi,available,4.48,64.98,medium,low,4,namecheap,,,20/08/2026 19:18
11d402cb-302c-4911-96f8-c104ceb7db48,assure.mobi,available,6.99,,high,low,6,name.com,,,
2787db90-1f4d-4a3e-9733-8594c848ffdb,bilocation.mobi,available,7.49,55.99,medium,low,10,namesilo,,,23/09/2026 16:51
64c1cadb-2496-409a-a0c6-db55f51ef4a5,dwindling.mobi,available,4.48,64.98,medium,low,9,namecheap,,,14/08/2026 21:48
f22cc692-6a10-430d-bada-aa13bd3217fa,elect.mobi,available,4.48,64.98,high,low,5,namecheap,,,16/08/2026 02:30
021a452e-7816-4cfd-b6ee-04bab3232e03,enhanced.mobi,available,4.48,64.98,high,low,8,namecheap,,,17/08/2026 08:25
9e55c402-799d-471f-9e96-5bb11f700b88,whereby.mobi,available,6.99,,medium,low,7,name.com,,,
2e5d38cb-537e-4b51-afb5-64e4886959ed,warmed.mobi,available,4.48,64.98,high,low,6,namecheap,,,13/09/2026 08:22
58b2a836-3ca5-42b4-8eb2-eafa44752cc3,unorthodox.mobi,available,4.48,64.98,high,low,10,namecheap,,,24/08/2026 17:44
35c0a269-b6ae-44f0-b10e-3eb8ab5cb5ed,mohammedan.mobi,available,4.48,64.98,medium,low,10,namecheap,,,25/08/2026 03:23
5621ec30-e019-49c1-8203-b9e5e7daf489,foreign.mobi,available,4.48,64.98,high,low,7,namecheap,,,
5b46ae5a-fcb7-4cff-9b8b-06da16bcf48f,resolvent.mobi,available,4.48,64.98,medium,low,9,namecheap,,,10/09/2026 13:54
8f18c203-a08b-407f-a9c2-a1b13261f508,shout.mobi,available,,,high,low,5,,,,
4bb4b5c4-c40e-4c3c-88b6-0cef9dbf246f,hearts.mobi,available,,,high,low,6,,,,
1335b6af-0618-4cbd-bef4-9224e439d1d3,vehicle.mobi,available,6.99,,high,low,7,name.com,,,
9face2ca-5ba2-45c6-9483-e1a9baf7f70b,wryly.mobi,available,7.49,55.99,medium,low,5,namesilo,,,16/09/2026 11:46
c649e3be-7bf0-48fa-818f-0884ef6910f9,shitty.mobi,available,4.48,64.98,medium,low,6,namecheap,,,13/08/2026 05:14
b8c57d6d-80b4-4891-bb5f-e48c9f76df45,import.mobi,available,4.48,64.98,high,low,6,namecheap,,,25/09/2026 18:33
51b1d0eb-3e5d-4b50-850e-a6ea3f1191c1,bombast.mobi,available,7.49,55.99,medium,low,7,namesilo,,,24/09/2026 03:35
f3411e33-1bf5-4bb2-8eea-02d6d56ffa2e,decorative.mobi,available,4.48,64.98,high,low,10,namecheap,,,13/08/2026 02:51
d1414394-d9fe-4784-8e07-2996a6b9e972,transposed.mobi,available,4.48,64.98,medium,low,10,namecheap,,,11/09/2026 18:59
83db1559-8d66-4b85-82d2-0677c7ba122f,keith.mobi,available,7.49,55.99,high,low,5,namesilo,,,17/09/2026 22:02
7512e9f4-ad3e-4697-a2ee-064f4e025223,fluency.mobi,available,7.49,55.99,high,low,7,namesilo,,,20/09/2026 11:19
8311d075-7073-4433-b44c-d597d19f05bc,clorox.mobi,available,7.49,55.99,high,low,6,namesilo,,,24/09/2026 15:53
0f613e0c-9f36-45c8-aaac-545aec4d7fe2,vestibule.mobi,available,7.49,55.99,high,low,9,namesilo,,,19/09/2026 12:47
c84810ef-a882-457c-9ab1-428db8ff6e17,betula.mobi,available,7.49,55.99,medium,low,6,namesilo,,,23/09/2026 11:52
351ec163-3938-44cf-aece-19b2c3ee6afb,arcturus.mobi,available,7.49,55.99,medium,low,8,namesilo,,,20/09/2026 03:01
9c5a87db-bb1a-4858-8546-dc0e0ec39519,abe.mobi,available,4.48,64.98,high,low,3,namecheap,,,25/09/2026 11:28
ce25da95-7d3d-4a40-badc-6be0fb50628f,outspoken.mobi,available,4.48,64.98,high,low,9,namecheap,,,11/08/2026 16:45
08136ed4-3052-4ef0-86f8-7787d39364e5,xlvii.mobi,available,4.48,64.98,medium,low,5,namecheap,,,
4c91279b-e558-41da-a9ff-9050aa7fc2ad,tyson.mobi,available,4.48,64.98,high,low,5,namecheap,,,25/09/2026 23:42
322e3c5d-ba5e-415a-a147-a2f63aaed1e0,acyl.mobi,available,7.49,55.99,medium,low,4,namesilo,,,17/09/2026 05:49
06753055-f4ec-40b9-9707-f7d1acc037db,yogic.mobi,available,4.48,64.98,medium,low,5,namecheap,,,13/09/2026 14:41
17da1682-2889-4679-b8cc-6a702170a168,burdensome.mobi,available,4.48,64.98,medium,low,10,namecheap,,,11/08/2026 10:29
d80bb027-797f-41cb-a79f-fb2edb792d05,beefalo.mobi,available,7.49,55.99,medium,low,7,namesilo,,,23/09/2026 01:04
0ec60646-0f4e-46ea-acdc-48abd3c65d47,socioeconomic.mobi,available,4.48,64.98,medium,low,13,namecheap,,,16/09/2026 12:07
cf42f242-c950-48b7-8959-b2b2aa6acee6,lloyd.mobi,available,4.48,64.98,high,low,5,namecheap,,,25/09/2026 06:57
24c5b775-e186-413d-85c5-df81b4aefeac,craftily.mobi,available,4.48,64.98,medium,low,8,namecheap,,,14/09/2026 09:00
4da10130-725e-4721-8bba-f66381cf29c5,sauce.mobi,available,6.99,,high,low,5,name.com,,,
45bf1d34-daac-4375-9339-c7a4b25dd003,comfy.mobi,available,7.49,55.99,high,low,5,namesilo,,,23/09/2026 15:10
3f8cedc6-703c-4414-8bc5-adebfb986eb1,boarded.mobi,available,6.99,,medium,low,7,name.com,,,
4f4db976-b513-4969-97a0-af06fc81ef9d,basotho.mobi,available,4.48,64.98,medium,low,7,namecheap,,,22/09/2026 11:35
f5607c89-7952-43d7-80d9-809aa4523875,anouilh.mobi,available,4.48,64.98,medium,low,7,namecheap,,,19/09/2026 11:52
8053aa3c-8704-4c5f-9b07-1f2acb5297da,crayola.mobi,available,,,high,medium,7,,,,
d4394d56-ac28-4693-9acf-016b2a4e4419,hears.mobi,available,7.49,55.99,medium,low,5,namesilo,,,18/09/2026 07:47
575914e5-28f5-4535-8db6-97e2404151ed,currently.mobi,available,6.99,,high,low,9,name.com,,,
163d34ce-754a-4fa0-8bcf-c9eb6d3681b4,petallike.mobi,available,4.48,64.98,medium,low,9,namecheap,,,08/09/2026 18:13
85ed908c-25d2-4d72-b00d-702be81b6003,puku.mobi,available,4.48,64.98,medium,low,4,namecheap,,,17/09/2026 07:35
da9281bf-c43d-4084-bc29-f9463fca29a1,aggregated.mobi,available,4.48,64.98,high,low,10,namecheap,,,
63d8937e-ec36-40c7-8865-fc8c9b3a19e4,byzant.mobi,available,7.49,55.99,medium,low,6,namesilo,,,23/09/2026 12:17
b7ba87dd-ee44-483a-b701-b1455158833a,antihero.mobi,available,7.49,55.99,medium,low,8,namesilo,,,19/09/2026 14:35
9b478e78-6017-4061-b6c9-1cf0dd923f44,formulary.mobi,available,4.48,64.98,medium,low,9,namecheap,,,18/08/2026 12:20
109105e7-c190-4f41-9727-dbb5add88304,racy.mobi,available,4.48,64.98,medium,low,4,namecheap,,,18/08/2026 18:00
414c8d09-2fd1-4e6a-a3c9-2957adb53595,backlog.mobi,available,7.49,55.99,high,low,7,namesilo,,,21/09/2026 15:41
9a9ce63c-51bd-413a-8990-e3655c25c8f5,carthusian.mobi,available,4.48,64.98,medium,low,10,namecheap,,,11/08/2026 19:53
6d75a3f6-ad91-4c16-ade9-b4d24e34f44f,resole.mobi,available,4.48,64.98,medium,low,6,namecheap,,,10/09/2026 13:33
124fc97f-5b6d-47cd-aa77-e75d34baa223,advisement.mobi,available,4.48,64.98,medium,low,10,namecheap,,,17/09/2026 11:32
c8c7f225-e339-410a-95cf-5ba6652b41fe,neurotoxic.mobi,available,4.48,64.98,medium,low,10,namecheap,,,03/09/2026 16:25
7037a8c9-0f06-4a2c-a02b-eeaf3179c31e,barricade.mobi,available,7.49,55.99,medium,low,9,namesilo,,,22/09/2026 08:32
e6cf0520-a661-4b47-8a61-b2e5f842768b,extropic.mobi,available,4.48,64.98,medium,low,8,namecheap,,,17/08/2026 19:38
b1a096df-2fd8-4e43-8871-1c7846adbac0,antwerpen.mobi,premium,118.8,118.8,medium,low,9,namesilo,,,19/09/2026 15:48
e19468f7-e5b3-4a40-89e5-0876a52d158b,snobby.mobi,available,4.48,64.98,medium,low,6,namecheap,,,12/08/2026 11:23
9df23856-2800-40b1-bd31-9be6fcc49c17,clock.mobi,available,,,high,low,5,,,,
d7940a6c-e642-4f44-9e6c-c18df6e72e6b,seth.mobi,available,7.49,55.99,high,low,4,namesilo,,,25/09/2026 10:39
dc8c03ce-2597-47e0-86fb-e904e783e2c8,tillable.mobi,available,4.48,64.98,medium,low,8,namecheap,,,06/08/2026 11:25
c9b04a71-fcfe-4daf-8020-376b35880f2b,ageratum.mobi,available,7.49,55.99,medium,low,8,namesilo,,,17/09/2026 17:22
ed8c3e51-7cd9-4d4f-b644-62941d83d8a9,angelfish.mobi,available,7.49,55.99,high,low,9,namesilo,,,19/09/2026 05:56
f7970a1d-bb10-4902-a29e-b4f22c1d3ef3,unlaced.mobi,available,4.48,64.98,medium,low,7,namecheap,,,12/09/2026 14:37
45e4144b-5a88-417e-a6b6-965b202a3296,printed.mobi,available,7.49,55.99,high,low,7,namesilo,,,27/09/2026 21:56
4e924edf-2945-4928-b2ca-efb33fcb23e4,brash.mobi,available,4.48,64.98,medium,low,5,namecheap,,,11/08/2026 02:25
056b49e1-0c98-4b72-b468-69e74aae7774,all.mobi,premium,1107,1107,high,medium,3,namesilo,,,22/09/2026 00:25
766ac0af-e45a-46ac-8073-ddcec268a461,incredible.mobi,available,4.48,64.98,high,low,10,namecheap,,,25/09/2026 09:04
af46e407-b583-4220-b07b-7853a123f0ff,balthasar.mobi,available,7.49,55.99,high,low,9,namesilo,,,22/09/2026 00:15
bea18548-6ba6-4ba9-8913-9a20e1904af2,aeonian.mobi,available,4.48,64.98,medium,low,7,namecheap,,,
951faf97-1ed5-43d0-9e50-d4bdaa2e75e6,unable.mobi,available,4.48,64.98,high,low,6,namecheap,,,11/09/2026 23:26
682d1086-6302-40aa-bc4c-544be77c381d,obtuse.mobi,available,7.49,55.99,medium,low,6,namesilo,,,24/09/2026 12:17
4e1938fb-401c-4401-b765-c7b0a1dad0b0,napped.mobi,available,4.48,64.98,medium,low,6,namecheap,,,18/08/2026 07:44
eb878ead-f76c-4643-9d79-fcddf12c0b22,engaged.mobi,available,4.48,64.98,high,low,7,namecheap,,,10/08/2026 19:07
94114c3f-7b91-4e0f-92c6-a2fd550b92ed,sousaphone.mobi,available,7.49,55.99,medium,low,10,namesilo,,,22/09/2026 11:51
1efcbac3-19be-4492-9dde-41aed56daa1c,lxiv.mobi,available,4.48,64.98,medium,low,4,namecheap,,,
a60f24f4-5371-4cca-8779-97793367ed91,basement.mobi,available,7.49,55.99,high,low,8,namesilo,,,24/09/2026 08:25
6b167e70-aeef-4fcc-a3b7-cad0409bf3af,risen.mobi,available,3.82,41.6,high,low,5,spaceship,,,27/09/2026 15:29
eec0fe8f-4662-4a2a-a7b9-140020b2ac65,nodded.mobi,available,7.49,55.99,medium,low,6,namesilo,,,18/09/2026 03:34
d52b33e9-b125-4d6e-a0d5-5a946c6e0e88,recognized.mobi,available,4.48,64.98,high,low,10,namecheap,,,21/09/2026 15:28
f4bf827f-499f-4b50-a24d-72d1e1edee40,dully.mobi,available,4.48,64.98,low,low,5,namecheap,,,14/09/2026 14:43
1f641385-640a-4f66-8541-06b427b279c2,ruffled.mobi,available,4.48,64.98,medium,low,7,namecheap,,,18/08/2026 15:53
e75e6e21-cf7e-430e-89e5-eb1a1bf97f42,crosby.mobi,available,7.49,55.99,high,low,6,namesilo,,,23/09/2026 17:15
e68d470b-a160-456c-a22a-be81f650d25d,lullaby.mobi,available,7.49,55.99,high,low,7,namesilo,,,23/09/2026 09:09
a16e1a04-304e-4eb8-be40-62bd26ea22c1,junket.mobi,available,7.49,55.99,high,low,6,namesilo,,,22/09/2026 03:02
f2dcd384-b95d-4dd1-9c58-7a4f3781577b,motorbus.mobi,available,7.49,55.99,medium,low,8,namesilo,,,21/09/2026 05:59
c78fb3a8-7bca-4fc8-b171-6ce121d9b488,fordable.mobi,available,4.48,64.98,medium,low,8,namecheap,,,18/08/2026 11:24
b5afcabf-ff57-41b6-9a71-cff2be0daff9,timer.mobi,available,6.99,,high,low,5,name.com,,,
f6f026f5-7fe0-420e-9335-d293dea34af9,flavorful.mobi,available,4.48,64.98,high,low,9,namecheap,,,18/08/2026 07:04
73818105-0ebc-4f4f-adb2-9e14e329af10,biff.mobi,available,7.49,55.99,medium,low,4,namesilo,,,23/09/2026 13:51
06c85d09-4ab8-4702-944f-7a96f26e4707,felicitous.mobi,available,4.48,64.98,medium,low,10,namecheap,,,18/08/2026 00:51
7d17960c-64e0-4a23-af1c-edfdeb20c6f3,throw.mobi,resell,,,high,low,5,"GoDaddy.com, LLC",28/10/2006 20:41,28/10/2027 20:41,27/09/2026 20:41
bd657b2d-6694-4c52-bb17-e3201a6cc370,unwell.mobi,available,4.48,64.98,medium,low,6,namecheap,,,
6692cb97-8160-4026-b814-aac521305dae,herewith.mobi,available,4.48,64.98,medium,low,8,namecheap,,,15/09/2026 00:27
d984804d-86a3-4293-b179-828a6f35e023,hustle.mobi,available,4.48,64.98,high,low,6,namecheap,,,17/09/2026 09:12
cca0604f-ea1e-4b3b-b126-e697ce0962d3,aperiodic.mobi,available,4.48,64.98,medium,low,9,namecheap,,,05/08/2026 22:30
7b0be1e6-0644-41dd-8a42-92ffb9cd9e2c,bereft.mobi,available,4.48,64.98,low,low,6,namecheap,,,09/08/2026 15:05
ebe4c3be-da16-4d20-888d-88bc14fef07d,destroying.mobi,available,4,43.02,low,low,10,dynadot,,,27/09/2026 21:23
9a5c0b9a-5cf3-42be-8469-63d0c13955f5,movingly.mobi,available,4.48,64.98,medium,low,8,namecheap,,,15/09/2026 15:35
53d583b5-f3f7-4814-9fcd-26ec2af06ab8,grandchild.mobi,available,6.99,,high,low,10,name.com,,,
213f39df-950e-4d15-a09b-3262bcd25390,table.mobi,available,6.99,,high,low,5,name.com,,,
259c8ec4-474f-4bd8-b17c-5eca1626744b,block.mobi,resell,,,high,low,5,"Spaceship, Inc.",11/12/2023 15:15,11/12/2026 15:15,26/09/2026 04:29
fa08f11c-c404-4e5d-97e4-dd4b120dd9e8,claimed.mobi,available,3.82,41.6,medium,low,7,spaceship,,,27/09/2026 23:56
3d65623e-ece2-4579-885d-57dac0e1da9b,handmade.mobi,available,4.48,64.98,high,low,8,namecheap,,,20/08/2026 23:06
8f5da1fa-0bb8-46d7-8ecd-c4013085db26,strike.mobi,available,4.48,64.98,high,low,6,namecheap,,,25/08/2026 00:52
80cd20c6-90b5-4b8e-a350-898bd45f6fcc,aventurine.mobi,available,7.49,55.99,medium,low,10,namesilo,,,21/09/2026 09:07
6e8a03e5-fc89-4e3a-9042-eb6ec9dac9b2,oslo.mobi,available,6.99,,high,low,4,name.com,,,
91a27387-c89b-4fe6-8f8d-761ed1615f7e,neat.mobi,available,7.49,55.99,high,low,4,namesilo,,,22/09/2026 16:59
0c3aabc3-f84f-4202-9494-a79bda98db08,argo.mobi,available,7.49,55.99,high,low,4,namesilo,,,20/09/2026 04:30
cc97facc-99e0-4167-a744-ca051ed51c12,ethnologic.mobi,available,4.48,64.98,medium,low,10,namecheap,,,17/08/2026 13:51
d978b396-1058-402d-aad8-9476415ac7e1,fluently.mobi,available,4.48,64.98,high,low,8,namecheap,,,14/09/2026 19:08
de855282-aa7d-467e-9284-e71138cd1f25,passed.mobi,available,6.99,,medium,low,6,name.com,,,
920be83e-3424-48b7-a294-b2b945b9967b,nurture.mobi,available,4.48,64.98,high,low,7,namecheap,,,09/09/2026 11:05
96ae626d-324b-4f4d-bebb-a1c911a96630,marsupial.mobi,available,4.48,64.98,high,low,9,namecheap,,,24/08/2026 16:32
9a61d159-e5d6-469d-88eb-fc2da4a9b060,berlin.mobi,resell,,,high,low,6,Dynadot Inc,11/05/2006 22:05,11/05/2027 22:05,26/09/2026 04:22
c677cc6f-6144-4f57-9efc-4c80d5a24702,entitled.mobi,available,7.49,55.99,high,low,8,namesilo,,,24/09/2026 14:10
ef567b3d-2655-418d-9f7d-a2a3052d3feb,interbrain.mobi,available,7.49,55.99,medium,low,10,namesilo,,,23/09/2026 11:55
0d0f1083-0d2d-4176-9ae8-39505e9ea8c4,biggest.mobi,resell,,,medium,low,7,,,,27/09/2026 02:42
964eb591-109c-4430-b459-53cbb4ce7a0b,tardy.mobi,available,4.48,64.98,medium,low,5,namecheap,,,09/08/2026 12:42
b3ea1ef0-e075-424c-88da-4cf268929a16,arginine.mobi,available,7.49,55.99,medium,low,8,namesilo,,,20/09/2026 04:24
c33ca38d-df9b-4962-9aa0-cc5399e264cc,blaster.mobi,available,7.49,55.99,high,low,7,namesilo,,,24/09/2026 04:22
b398eb3d-cc38-43e7-96e6-8838c775dcbf,slavery.mobi,available,4.48,64.98,high,low,7,namecheap,,,10/09/2026 10:30
f4ed1f6d-40c8-498f-9c75-183decfff541,hollering.mobi,available,7.49,55.99,high,low,9,namesilo,,,23/09/2026 06:21
7a8847ea-54ff-46d3-a11a-9e023f618324,gyroplane.mobi,available,7.49,55.99,medium,low,9,namesilo,,,21/09/2026 06:27
a8c8e571-7a7f-4b09-9f26-6979aed13fca,unbordered.mobi,available,4.48,64.98,medium,low,10,namecheap,,,12/09/2026 02:21
602c8cc1-254b-4444-8808-9a5ae484c232,maj.mobi,available,6.99,64.99,high,low,3,name.com,,,27/09/2026 02:37
d23ac8b7-5af2-41e2-b9ff-6ebafae45de5,ammine.mobi,available,7.49,55.99,medium,low,6,namesilo,,,18/09/2026 22:03
f192b95b-079d-456c-aae3-f285341a51b7,cranial.mobi,available,4.48,64.98,medium,low,7,namecheap,,,13/08/2026 04:49
7249cf17-beb3-444f-820a-d34dd92cb17f,darkling.mobi,available,6.99,64.99,medium,low,8,name.com,,,13/08/2026 18:16
552e81af-2f0b-40b4-8d39-7eb1c42b34e8,pleasantly.mobi,available,4.48,64.98,high,low,10,namecheap,,,13/09/2026 18:20
ac478593-8f76-408b-966b-0d98a45609f8,corrosive.mobi,available,4.48,64.98,medium,low,9,namecheap,,,13/08/2026 02:07
a7a67c97-f364-4088-a6b0-7527a3cb548d,sol.mobi,premium,1107,1107,high,medium,3,namesilo,,,16/09/2026 03:33
d0403922-c541-45fa-b266-0f0bf7c1bb92,eurasian.mobi,available,4.48,64.98,high,low,8,namecheap,,,17/08/2026 14:26
af0b0dc7-1091-42aa-939d-e4e3bbba6dc0,lavish.mobi,available,4.48,64.98,high,low,6,namecheap,,,22/08/2026 21:07
f590ee48-57f6-44c5-8034-27df2f0eb8d6,doomed.mobi,available,4.48,64.98,medium,low,6,namecheap,,,14/08/2026 15:57
e85ae5f6-4f45-481a-89f6-be6d25124cfc,undeclared.mobi,available,4.48,64.98,medium,low,10,namecheap,,,12/09/2026 07:06
ba59d4e1-42eb-415c-9ac4-fe1726576133,although.mobi,available,6.99,,medium,low,8,name.com,,,
28969cab-ac87-4a1a-bbbf-3bfe845186c6,shu.mobi,available,4.12,41.71,medium,low,3,porkbun,,,27/09/2026 21:11
e02e0eda-5a1d-47c5-a53e-6640c7a23c2e,needless.mobi,available,4.48,64.98,medium,low,8,namecheap,,,03/09/2026 14:55
2cab9c1b-2ea7-441b-a8b3-24ab98b5b657,grate.mobi,available,4.48,64.98,high,low,5,namecheap,,,20/08/2026 18:33
9a489eb5-5758-4691-8ec9-e16590935eec,terzetto.mobi,available,4.48,64.98,medium,low,8,namecheap,,,
4d637074-df56-4afc-895d-89054d4511ee,slept.mobi,available,6.99,,medium,low,5,name.com,,,
e70f028b-43d8-4293-b3b3-8826331512ae,benet.mobi,available,7.49,55.99,high,low,5,namesilo,,,23/09/2026 07:58
cb5985f6-0e6a-4338-9622-27c47bf22f3b,forwards.mobi,available,4.48,64.98,high,low,8,namecheap,,,18/08/2026 12:49
6aad3d21-fdd5-4700-895a-498d407b0f77,zealot.mobi,available,4.48,64.98,medium,low,6,namecheap,,,08/09/2026 02:10
52e77caf-b25a-4b4c-a487-463b7a141183,stranded.mobi,available,7.49,55.99,medium,low,8,namesilo,,,25/09/2026 17:00
64518ee8-26e6-4d4f-bef1-bc370818df9d,tenured.mobi,available,4.48,64.98,medium,low,7,namecheap,,,11/09/2026 11:43
a07e6e42-ff72-413a-b55a-c157123fea4f,oiled.mobi,available,4.48,64.98,medium,low,5,namecheap,,,04/09/2026 01:49
dfd74666-b0ce-477f-a1f4-921f593522ba,telepathic.mobi,available,4.48,64.98,high,low,10,namecheap,,,11/09/2026 10:18
5a52d58e-c9ed-4979-9ed8-57578e761831,lazy.mobi,available,4.48,64.98,high,low,4,namecheap,,,17/08/2026 20:54
40cec2e9-0767-4ac3-96c6-bdcdc5401381,pirate.mobi,available,,,high,low,6,,,,
565dbded-bb19-49d6-a604-407eedd49950,vance.mobi,available,4.48,64.98,high,low,5,namecheap,,,27/09/2026 03:12
e7778f68-00e1-4ff1-b129-95dcb6e5c7ce,blackwash.mobi,available,7.49,55.99,medium,low,9,namesilo,,,20/09/2026 15:47
13d67b2d-05a5-4aa8-8702-04847e164bda,madness.mobi,available,4.48,64.98,high,low,7,namecheap,,,27/09/2026 04:07
f6c30dbd-1c18-4dc0-9f57-689b89e91f87,bph.mobi,available,7.49,55.99,high,low,3,namesilo,,,23/09/2026 08:07
11ff465f-1d69-4af4-a7e7-8f8775fb8c24,canned.mobi,available,4.48,64.98,high,low,6,namecheap,,,11/08/2026 17:10
03c4abcd-eb92-44ee-94cd-ee1c0e3343d9,convoluted.mobi,available,4.48,64.98,medium,low,10,namecheap,,,12/08/2026 23:59
9212391c-0f21-46b9-aa8c-09211a2ce536,banal.mobi,available,7.49,55.99,medium,low,5,namesilo,,,22/09/2026 16:37
8b4e1cdf-6295-4804-a6d1-9dac74630763,atticus.mobi,available,7.49,55.99,medium,low,7,namesilo,,,21/09/2026 01:46
c7fc850b-703f-487e-9466-266edfb32333,sets.mobi,available,6.99,,medium,low,4,name.com,,,
20ebbc56-0a05-4eb0-a036-08abba8477e6,visibility.mobi,available,7.49,55.99,high,low,10,namesilo,,,25/09/2026 15:14
ff7f4536-a874-4e5c-953e-ef0177919d29,guttural.mobi,available,4.48,64.98,medium,low,8,namecheap,,,13/08/2026 07:31
301a77d0-d498-4c53-9cbf-2799392bf2e2,bailment.mobi,available,4.48,64.98,medium,low,8,namecheap,,,21/09/2026 19:09
fb713fab-e7e1-4c43-b32e-174d41d0c644,swimwear.mobi,available,7.49,55.99,high,low,8,namesilo,,,22/09/2026 13:39
395e748d-772c-492a-8a7a-42185c1bac44,bernoulli.mobi,available,7.49,55.99,medium,low,9,namesilo,,,23/09/2026 09:57
2f4c5a2a-db7f-4349-b017-c7dc0daaf26a,captain.mobi,resell,,,high,low,7,Dynadot Inc,16/03/2022 17:00,16/03/2027 17:00,26/09/2026 04:45
ac8f9bce-ad42-4d18-91b1-a4a445a7a9f7,larson.mobi,available,7.49,55.99,medium,low,6,namesilo,,,27/09/2026 01:48
be01415b-22e8-4db1-a9c7-47906bea83d0,carlisle.mobi,available,7.49,55.99,high,low,8,namesilo,,,25/09/2026 14:54
20229f05-ebc8-4f54-8c02-9554ce47cd53,languorous.mobi,available,4.48,64.98,medium,low,10,namecheap,,,22/08/2026 18:05
a99e457f-1d8e-4b74-85ad-5fad61382841,septet.mobi,available,4.48,64.98,medium,low,6,namecheap,,,
0cba6bdf-4384-4a27-8251-89726bead2a1,crinoid.mobi,available,4.48,64.98,medium,low,7,namecheap,,,13/08/2026 06:58
c182b3f3-4b1f-47b5-b405-a31a95d39790,stinky.mobi,available,4.48,64.98,high,low,6,namecheap,,,13/08/2026 05:18
df1d1b19-d355-4c92-8ee9-2e71229f765e,lachrymose.mobi,available,4.48,64.98,medium,low,10,namecheap,,,14/08/2026 15:34
2b95f0d9-7423-4e66-935e-1d84e3842a79,neutered.mobi,available,4.48,64.98,medium,low,8,namecheap,,,03/09/2026 16:35
59bd3ef3-be6a-48d1-bba8-dc924f292f7e,gladiolus.mobi,available,4.48,64.98,high,low,9,namecheap,,,19/08/2026 00:06
df9cb602-4f9a-44ab-a5bf-1a62c9dc4895,continuo.mobi,available,7.49,55.99,medium,low,8,namesilo,,,22/09/2026 12:27
9c674953-93b9-4446-a953-416bb52a778a,shoveler.mobi,available,7.49,55.99,medium,low,8,namesilo,,,19/09/2026 02:54
ba2a66a3-3b4c-40cd-b553-dc534f45dd20,recovery.mobi,resell,,,high,low,8,Squarespace Domains II LLC,26/07/2020 14:31,26/07/2028 14:31,26/09/2026 08:32
8b5dad9a-00c6-4fbf-a31f-9749ae936471,appoint.mobi,available,6.99,,high,low,7,name.com,,,
c4132272-d095-4f36-84ec-c3658a2829d1,vocally.mobi,available,7.49,55.99,medium,low,7,namesilo,,,16/09/2026 11:07
87607167-998d-40b2-8d92-1f7a75a29fc7,numeric.mobi,available,4.48,64.98,high,low,7,namecheap,,,03/09/2026 22:54
9a93c236-226a-4b77-8840-2600b6b6152a,chthonic.mobi,available,4.48,64.98,medium,low,8,namecheap,,,12/08/2026 07:28
e665b888-4f86-44bf-b597-275dd19c6e8b,prisoner.mobi,available,4.48,64.98,high,low,8,namecheap,,,11/08/2026 18:26
7a4fb6ec-7f44-4f27-9f33-addd243ae627,revocation.mobi,available,6.99,64.99,medium,low,10,name.com,,,19/09/2026 11:02
de5ebe32-5677-4251-b657-b12a68829ec3,decay.mobi,available,6.99,,high,low,5,name.com,,,
3ee16b6c-ac13-48b2-bc9b-1f427ba96b28,acidity.mobi,available,4.48,64.98,medium,low,7,namecheap,,,17/09/2026 01:24
77a0ee6f-98ac-45ec-8a01-04997fbc5273,coppery.mobi,available,4.48,64.98,medium,low,7,namecheap,,,13/08/2026 00:34
060bbd57-a050-4430-93ae-e39ef17b9adb,operable.mobi,available,4.48,64.98,medium,low,8,namecheap,,,04/09/2026 16:20
50ab19a7-8242-450d-bdb3-3d6ba4b94d4f,auberge.mobi,available,7.49,55.99,medium,low,7,namesilo,,,21/09/2026 02:29
1ca27553-485d-466c-b873-a8ca36abf245,freeborn.mobi,available,4.48,64.98,medium,low,8,namecheap,,,18/08/2026 14:53
b2239cfd-af46-4b4e-90e3-5e54b8c52227,looney.mobi,available,4.48,64.98,medium,low,6,namecheap,,,13/08/2026 05:34
c8005066-2842-4b25-8a4c-eb9088d6021c,onslaught.mobi,available,7.49,55.99,medium,low,9,namesilo,,,21/09/2026 01:06
7d9fb281-f54e-4aa1-8139-89c20df66a1f,orphaned.mobi,available,4.48,64.98,medium,low,8,namecheap,,,04/09/2026 18:01
2ff7cfd9-f3bd-465e-bbe5-8a99f62d25ba,chervil.mobi,available,7.49,55.99,medium,low,7,namesilo,,,19/09/2026 13:55
cf48f8c6-0c3a-40fb-a4d3-0b55a2f03720,arcus.mobi,available,7.49,55.99,high,low,5,namesilo,,,20/09/2026 03:02
50fd656d-036c-4a69-b5eb-b98a13a7d975,binary.mobi,available,7.49,55.99,high,low,6,namesilo,,,22/09/2026 20:45
ecb68c56-a2c1-4951-b7ec-341357f989dc,unlatched.mobi,available,4.48,64.98,medium,low,9,namecheap,,,12/09/2026 01:38
2b71f0da-80b2-4f8c-8cd4-6cd68e1aba21,cymose.mobi,available,6.99,64.99,medium,low,6,name.com,,,13/08/2026 13:57
a7f2ba47-d438-4df1-ab97-def54b16ca45,zymoid.mobi,available,4.48,64.98,medium,low,6,namecheap,,,13/09/2026 15:55
938c951a-1f31-439d-a191-145f5f3235b3,beads.mobi,available,,,high,low,5,,,,
63f8778c-31aa-40f7-8f55-840fedaf4284,herakles.mobi,available,7.49,55.99,high,low,8,namesilo,,,18/09/2026 04:05
2c28b92f-9c91-4e9a-b78e-69620d8ef1d8,achy.mobi,available,4.48,64.98,medium,low,4,namecheap,,,
7b2c52a7-638e-43f6-8ee2-ebfbd5eeba79,incertain.mobi,available,4.48,64.98,medium,low,9,namecheap,,,22/08/2026 01:10
1f4144a1-52d8-45cb-a74b-3e5ccbf0a0a2,price.mobi,resell,,,high,low,5,Xin Net Technology Corporation,08/01/2025 15:15,08/01/2030 15:15,26/09/2026 08:19
28f1871e-924d-4996-a5af-8ba937a0119c,augur.mobi,available,7.49,55.99,high,low,5,namesilo,,,21/09/2026 03:21
47da14be-5d3d-4c46-8440-a253cec74f1d,expound.mobi,available,4.48,64.98,medium,low,7,namecheap,,,16/08/2026 00:37
9b51c184-cd6e-498c-955b-4786850b64f0,constants.mobi,available,7.49,55.99,medium,low,9,namesilo,,,21/09/2026 01:13
50b8892e-7bfc-4926-9dbb-6fa04577753e,unspoiled.mobi,available,4.48,64.98,medium,low,9,namecheap,,,12/09/2026 07:08
f4ace16e-7c52-423e-a45b-ff43f1356e5d,orientated.mobi,available,4.48,64.98,high,low,10,namecheap,,,04/09/2026 17:54
c018aa80-59dc-4f2f-88d2-a7520e195ccf,kidney.mobi,available,,,high,low,6,,,,
79bcb70c-1826-4985-bbd9-cf808ec70ce6,forget.mobi,available,6.99,,medium,low,6,name.com,,,
0a2fc92b-3bd0-48dc-af3a-b8666c272976,fernando.mobi,available,7.49,55.99,high,low,8,namesilo,,,25/09/2026 14:20
5fa86348-6f8c-455d-9b24-31577537494e,birthing.mobi,available,4.48,64.98,high,low,8,namecheap,,,23/09/2026 21:07
846aebdd-71f7-49df-82a6-0fbcfc84f370,accompany.mobi,available,7.49,55.99,high,low,9,namesilo,,,24/09/2026 16:41
b12d8013-7795-443b-81c4-e6a29cd95326,annoyance.mobi,available,4.48,64.98,high,low,9,namecheap,,,
acdad9f0-7e43-462a-842d-72b6e465b0f5,optimally.mobi,available,4.48,64.98,medium,low,9,namecheap,,,15/09/2026 18:05
3d24c9e4-3d37-41da-a323-ea8ec67dfe86,reverse.mobi,available,7.49,55.99,high,low,7,namesilo,,,23/09/2026 22:34
148e9b3d-755b-423f-b8c1-70098eec6c25,fury.mobi,available,4.48,64.98,high,low,4,namecheap,,,24/09/2026 21:41
7b93d45a-33a5-4bdb-9f0a-c9065597e90e,multistory.mobi,available,4.48,64.98,medium,low,10,namecheap,,,03/09/2026 10:56
ec4bbde6-c63e-4767-9b1d-dc7f70d1e76e,chambers.mobi,available,4.48,64.98,high,low,8,namecheap,,,08/09/2026 06:47
9ed20404-4607-4d5b-a906-bec618618d37,peking.mobi,available,7.49,55.99,high,low,6,namesilo,,,23/09/2026 04:13
c373eb50-a4f0-46be-939a-b09d89d02ce8,mown.mobi,available,4.48,64.98,medium,low,4,namecheap,,,25/08/2026 09:14
b6c23597-7826-423e-b86f-749b8035b56a,alzheimers.mobi,premium,242,242,medium,low,10,namesilo,,,18/09/2026 15:29
693097a0-8d99-4d58-8b7d-0eaf596e13fe,ellipsoid.mobi,available,4.48,64.98,medium,low,9,namecheap,,,16/08/2026 04:37
3fea3192-dbbf-4fc8-990b-b948cf07eab5,untypical.mobi,available,4.48,64.98,medium,low,9,namecheap,,,07/08/2026 16:10
0e2fb0f5-cd7f-4364-9bec-ac9dc2e617d0,cager.mobi,available,7.49,55.99,medium,low,5,namesilo,,,22/09/2026 11:27
65aa0b94-8477-447d-bb80-0ec5196ecd53,brass.mobi,available,,,high,low,5,,,,
246e666a-f209-412d-93d6-002731429915,weak.mobi,available,7.49,55.99,high,low,4,namesilo,,,24/09/2026 04:57
ec4806c3-f307-4075-9c18-3e53b7ecb8b9,nance.mobi,available,4.48,64.98,medium,low,5,namecheap,,,09/09/2026 08:05
3b16dcca-e830-4ad8-ab20-d3dcc65966fd,mindless.mobi,available,4.48,64.98,medium,low,8,namecheap,,,07/08/2026 02:48
0fca604a-24a3-4811-a59a-020ae21b0e3e,demolished.mobi,available,4.48,64.98,medium,low,10,namecheap,,,14/08/2026 01:21
7568c0dc-8f51-46d0-beb7-71ad66fc3a88,arcane.mobi,available,4.48,64.98,high,low,6,namecheap,,,06/08/2026 14:24
ca00391c-3e25-437c-b8cc-6744cda84f11,thankless.mobi,available,4.48,64.98,medium,low,9,namecheap,,,11/09/2026 12:28
166d4cdc-6984-438f-a2e0-421df0bdb8aa,mecca.mobi,available,6.99,,high,low,5,name.com,,,
66cc1d87-a192-41b2-a8da-cf6d637ca9ca,recovering.mobi,available,7.49,55.99,high,low,10,namesilo,,,23/09/2026 22:44
036629c3-4cca-4995-a4d0-1f698cdceccb,dandified.mobi,available,6.99,64.99,medium,low,9,name.com,,,13/08/2026 17:01
2b089ea6-01d5-49d1-a084-2f42c142bfc7,suitable.mobi,available,40.2,40.2,high,low,8,cloudflare,,,28/09/2026 01:54
f6b2fee2-879e-46f2-9a08-50216fe8595f,confidence.mobi,available,7.49,55.99,high,low,10,namesilo,,,20/09/2026 16:46
f9df1faf-0551-4096-90e0-9fd731e83477,applicator.mobi,available,4.48,64.98,medium,low,10,namecheap,,,19/09/2026 21:55
774162bd-a4ae-4683-9f09-1f8403f12836,parotid.mobi,available,4.48,64.98,medium,low,7,namecheap,,,08/09/2026 01:50
bc0dab2f-580b-4215-8869-755160d240b3,qualifying.mobi,available,4.48,64.98,high,low,10,namecheap,,,23/08/2026 12:37
419f7543-e299-4903-a611-dd7338cfb78e,honest.mobi,available,4.48,64.98,high,low,6,namecheap,,,21/08/2026 13:19
7a8a067b-f26b-4c50-8bb3-3877bf713ebc,recruited.mobi,available,4.48,64.98,medium,low,9,namecheap,,,18/09/2026 00:53
faaf91c6-0cd5-4db5-87f4-069ced375459,panda.mobi,available,,,high,medium,5,,,,
fd47482b-9ca6-47f4-87b1-a6f6f0105d96,dandyish.mobi,available,6.99,64.99,medium,low,8,name.com,,,13/08/2026 17:03
c2c8f247-fbbc-4dbb-ae31-7dce891b155e,teachable.mobi,resell,,,high,low,9,Danesco Trading Ltd.,13/09/2019 15:00,13/09/2027 15:00,26/09/2026 09:32
ffa8fb26-1354-4a75-a40f-8d5aa51d1388,moore.mobi,available,7.49,55.99,high,low,5,namesilo,,,27/09/2026 13:11
81fc627f-6679-4e21-b32f-ecc7a52e41ea,grew.mobi,available,6.99,,high,low,4,name.com,,,
24c6d010-53ef-48cd-988c-1fe1fc911e64,acinous.mobi,available,4.48,64.98,medium,low,7,namecheap,,,
d67e1bf3-6627-4125-9e1d-af780fa67b7d,rape.mobi,available,4.48,64.98,high,low,4,namecheap,,,24/09/2026 08:17
ebfef0b8-9d36-4427-8372-3bec8e2c6f8b,greenside.mobi,available,4.48,64.98,medium,low,9,namecheap,,,20/08/2026 19:54
e5852e58-8013-40b2-861c-e43d4faef60b,geometry.mobi,available,,,high,low,8,,,,
fe7a58b1-d1ca-4595-875e-26b07c78b044,capably.mobi,available,4.48,64.98,medium,low,7,namecheap,,,13/09/2026 16:22
4100636d-6265-4a51-ab4b-60f8d6758f5a,zoic.mobi,available,4.48,64.98,medium,low,4,namecheap,,,13/09/2026 15:25
afa14b04-1877-4e20-9a35-3a8395cfcbf2,resistible.mobi,available,4.48,64.98,medium,low,10,namecheap,,,09/09/2026 15:20
1c74ef48-63a7-480d-b513-e71932de8ebb,tethys.mobi,available,4.48,64.98,medium,low,6,namecheap,,,19/09/2026 17:56
befe0463-c907-4129-acde-6200c5269bf4,apostasy.mobi,available,4.48,64.98,medium,low,8,namecheap,,,19/09/2026 19:16
5c0f5784-d547-4284-b928-9e6d25cdc04a,unashamed.mobi,available,4.48,64.98,medium,low,9,namecheap,,,12/09/2026 01:08
a0d8dc5b-ceee-48d7-b694-bb95abeed849,murray.mobi,available,7.49,55.99,high,low,6,namesilo,,,25/09/2026 22:54
08fb9827-2c10-40cc-9034-1e8fe1aa21b2,ownerless.mobi,available,4.48,64.98,medium,low,9,namecheap,,,04/09/2026 22:18
61d806c7-0141-4a64-b3fb-084cf30924ef,mankind.mobi,available,7,,high,low,7,unstoppable,,,28/09/2026 02:08
bb424f40-6e60-4d58-afdb-e8de191ccc51,idol.mobi,available,7.49,55.99,high,low,4,namesilo,,,22/09/2026 22:03
da877bd5-2818-4de5-9862-31988f671c1c,nature.mobi,available,,,high,low,6,,,,
92a3eae9-ff6c-48c5-b3e9-00d25767ba2b,discerning.mobi,available,4.48,64.98,high,low,10,namecheap,,,06/08/2026 08:23
7be6c77b-ccb1-4ee2-ab90-92eb2955770d,balder.mobi,available,4.48,64.98,medium,low,6,namecheap,,,21/09/2026 21:33
ae136c8e-3549-4942-9e0a-6857432b3cf6,doubter.mobi,available,4.48,64.98,medium,low,7,namecheap,,,
e021b5c5-5e44-4f62-a1b4-f90f9b3955bc,wabash.mobi,available,3.82,41.6,medium,low,6,spaceship,,,28/09/2026 03:15
4ae6b601-82a3-44d5-b6d6-7747f2d50d76,lewd.mobi,available,4.48,64.98,high,low,4,namecheap,,,22/08/2026 20:07
c3cd1765-0dbb-4410-8935-78d141259359,laic.mobi,available,4.48,64.98,medium,low,4,namecheap,,,22/08/2026 18:47
8f371e4d-f600-43d9-9a95-a0c4671126ae,newfangled.mobi,available,4.48,64.98,medium,low,10,namecheap,,,03/09/2026 16:46
f365c2f6-2030-4f2e-b6b6-5381b5398157,thresher.mobi,available,7.49,55.99,medium,low,8,namesilo,,,18/09/2026 13:23
42b51927-6538-4537-a5bd-e057bab8f7d7,roosevelt.mobi,available,7.49,55.99,medium,low,9,namesilo,,,19/09/2026 09:58
9c97f737-ee16-41de-ba60-e72dc6901619,paranoiac.mobi,available,4.48,64.98,medium,low,9,namecheap,,,08/09/2026 01:08
d2f9d196-64a4-4549-b8a8-5b44e49e00b3,ariana.mobi,available,7.49,55.99,high,low,6,namesilo,,,20/09/2026 05:10
36fd61f0-50a9-46d1-8eca-b3851fb5a460,symbolic.mobi,available,4.48,64.98,high,low,8,namecheap,,,16/08/2026 09:31
2602b500-ff1d-41f6-8cb3-aa233e3338f7,spiky.mobi,available,4.48,64.98,medium,low,5,namecheap,,,08/09/2026 11:12
eec7ca01-fc9b-42c9-a1ce-cdfd1ed3aad3,forms.mobi,available,7.49,55.99,high,low,5,namesilo,,,17/09/2026 09:39
b2c7c3a6-7be5-47d6-b90e-52cd26d77dbf,beating.mobi,available,6.99,,high,low,7,name.com,,,
836a9ba0-e7ef-4591-8afb-c956dfb7027b,therapist.mobi,available,40.2,40.2,high,low,9,cloudflare,,,28/09/2026 02:06
187c1aa0-2c1e-4dd8-9855-1e7c24ef23d7,grudging.mobi,available,4.48,64.98,medium,low,8,namecheap,,,20/08/2026 20:31
a709374c-dc71-409c-8f5b-66449c7d5387,ones.mobi,available,6.99,,high,low,4,name.com,,,
b77a4492-423d-4be7-9e07-9f7a7a2ea635,antipodal.mobi,available,4.48,64.98,medium,low,9,namecheap,,,
512d4f34-2b06-4986-bacf-19cac0f249c4,animality.mobi,available,7.49,55.99,medium,low,9,namesilo,,,19/09/2026 08:40
ae509dde-37a9-405e-8f61-5fdda953dcf5,purau.mobi,available,4.48,64.98,medium,low,5,namecheap,,,21/09/2026 22:02
3e199e3b-12fd-4253-a354-3d7736b5e935,ceramic.mobi,available,4.48,64.98,high,low,7,namecheap,,,12/08/2026 00:23
0b4ff7f4-78de-4e57-b26c-5f583e436162,uncordial.mobi,available,4.48,64.98,medium,low,9,namecheap,,,12/09/2026 06:13
211007dc-4c5c-43a0-9a4b-62267f2b977a,theistic.mobi,available,4.48,64.98,medium,low,8,namecheap,,,11/09/2026 12:41
bf3129aa-9eb1-4570-8817-284e82e8b859,keyset.mobi,available,7.49,55.99,low,low,7,namesilo,,,21/09/2026 00:17
b0b50d00-5104-488e-b67e-fdeae803915e,harlot.mobi,available,6.99,64.99,high,low,6,name.com,,,13/08/2026 14:19
c56d9da9-fee0-4d3e-b5ff-336709041bcd,stinker.mobi,available,4.48,64.98,medium,low,7,namecheap,,,11/08/2026 09:15
90ec5f73-a426-41df-9b87-30ac897631aa,dimmed.mobi,available,4.48,64.98,medium,low,6,namecheap,,,14/08/2026 08:08
5a5a25fc-467b-43ce-8923-3cd011cabb2d,underclass.mobi,available,4.48,64.98,medium,low,10,namecheap,,,12/09/2026 07:22
d012d017-7b2b-45bc-990c-2581a3efd3ad,unplanned.mobi,available,4.48,64.98,medium,low,9,namecheap,,,12/09/2026 16:51
f9a0f383-ffb0-4292-9117-1d1eb7536ebd,laborious.mobi,available,4.48,64.98,medium,low,9,namecheap,,,06/08/2026 17:00
8fa96152-0bf4-46ec-976c-2123659d66a9,spontaneous.mobi,available,6.99,,high,low,11,name.com,,,
9a4e6051-daf6-494f-b7e0-40427af10d88,opinions.mobi,available,4.48,64.98,medium,low,8,namecheap,,,17/09/2026 07:35
f83a126e-adbd-4169-b275-a15fbef6873e,archosaur.mobi,available,4.48,64.98,medium,low,9,namecheap,,,06/08/2026 15:57
61befb78-9ec5-4f34-8dbe-1f46a3a8878f,emulator.mobi,available,7.49,55.99,medium,low,8,namesilo,,,19/09/2026 16:28
04b97b45-5ccf-4349-8f39-059ea4bbcb86,acacia.mobi,available,4.48,64.98,high,low,6,namecheap,,,16/09/2026 19:59
5aa455ba-64fd-45c7-a2f7-0318a4d10510,ostracize.mobi,available,7.49,55.99,medium,low,9,namesilo,,,24/09/2026 01:58
e2ca0e24-eacf-4a8d-955e-cb4539724b7e,cops.mobi,available,7.49,55.99,high,low,4,namesilo,,,18/09/2026 22:05
1ec6f532-e10f-437c-9eca-fb84b677b409,butter.mobi,available,,,high,low,6,,,,
fb397577-bdc1-4a8d-b86e-aee18475924c,bassinet.mobi,available,7.49,55.99,medium,low,8,namesilo,,,22/09/2026 12:23
94259a35-cf91-400e-abeb-5f3b29a674ef,friar.mobi,available,4.48,64.98,medium,low,5,namecheap,,,24/08/2026 20:10
3d7a5a4e-15e1-424b-b49f-f2abaada60ee,munition.mobi,available,4.48,64.98,medium,low,8,namecheap,,,20/09/2026 07:44
a30d2891-b950-4ce6-82fd-0c8da4a17cb6,antonym.mobi,available,4.48,64.98,medium,low,7,namecheap,,,04/09/2026 16:48
38558d7c-9507-4eb0-a7f2-db63c6c89506,araguaia.mobi,available,4.48,64.98,medium,low,8,namecheap,,,19/09/2026 23:45
08cc0fa7-9d47-4edb-81e3-c802e7dcff4f,barky.mobi,available,4.48,64.98,medium,low,5,namecheap,,,08/08/2026 19:46
5ede3feb-a679-4a6c-a95b-74e02ac3cea2,premiere.mobi,available,7.49,55.99,high,low,8,namesilo,,,27/09/2026 04:58
1b125a66-9097-4712-9c70-056abc90b928,disrupted.mobi,available,4.48,64.98,medium,low,9,namecheap,,,14/08/2026 12:19
d1646cc5-80c0-48cb-a25f-93e25279218f,hindustani.mobi,available,4.48,64.98,medium,low,10,namecheap,,,21/08/2026 09:35
6918eaff-f344-4bea-a721-8e1e26b0356c,autochthon.mobi,available,6.99,64.99,medium,low,10,name.com,,,21/09/2026 06:02
65d346e9-892f-456c-94e0-4153460b4924,monger.mobi,available,7.49,55.99,medium,low,6,namesilo,,,22/09/2026 05:36
f4f93962-96cf-4732-b91f-c34543fd5cf7,hardworking.mobi,available,6.99,,high,low,11,name.com,,,
9d1c2e20-ac81-4a7e-ae5f-ecb0e26f0ced,smoothed.mobi,available,4.48,64.98,medium,low,8,namecheap,,,10/09/2026 12:07
d4e40ff0-d8b4-421f-a128-5c36504de470,eclectic.mobi,available,4.48,64.98,high,low,8,namecheap,,,14/08/2026 23:43
19a35cd1-43c8-483e-92b0-cfc24ee44bb4,exogenous.mobi,available,4.48,64.98,medium,low,9,namecheap,,,17/08/2026 17:33
b8459bb8-27f9-472b-ad7f-6238b31a8eb9,aegina.mobi,available,7.49,55.99,medium,low,6,namesilo,,,17/09/2026 12:15
505aae22-0013-4700-8302-d5677b7c0d08,rosy.mobi,available,4.48,64.98,high,low,4,namecheap,,,18/08/2026 09:27
7cc5a3de-69a7-44eb-8ac6-ed0af7d55864,moonlit.mobi,available,4.48,64.98,high,low,7,namecheap,,,25/08/2026 05:56
b504c434-1823-49e0-a9ac-92e8504e1bff,wholemeal.mobi,available,4.48,64.98,medium,low,9,namecheap,,,13/09/2026 11:17
073f2a99-f24f-45fb-90ea-44af1bf560c2,barnum.mobi,available,7.49,55.99,medium,low,6,namesilo,,,22/09/2026 06:55
c1e4f811-0a87-4ad3-97ab-9144413c3071,ambience.mobi,available,7.49,55.99,high,low,8,namesilo,,,18/09/2026 16:42
bce72fc2-534a-4711-8178-184f4f7dcc67,bomb.mobi,available,,,high,low,4,,,,
3bf50579-c54b-46fe-87dd-90edc9d67b9a,kara.mobi,available,3.82,41.6,high,low,4,spaceship,,,27/09/2026 16:38
e29d850b-da16-4b55-a723-fc0cea51225e,diligently.mobi,available,4.48,64.98,medium,low,10,namecheap,,,14/09/2026 12:40
dc023b5f-e594-4c27-b7c9-5d098bb4a7f9,pen.mobi,premium,512,512,high,low,3,namesilo,,,27/09/2026 03:22
4b05fb9d-4676-48a5-b7e1-6e2533165549,later.mobi,available,7.49,55.99,high,low,5,namesilo,,,21/09/2026 22:11
015c9f37-61a4-4d7e-b739-062b3d35e5c5,darter.mobi,available,4.48,64.98,medium,low,6,namecheap,,,19/09/2026 08:19
623dd23d-2c97-47ad-b0f0-c738edbfc8fe,poolside.mobi,available,6.99,,high,low,8,name.com,,,
40c95f45-9602-41cd-9717-05906f0e82c0,filling.mobi,available,4.48,64.98,high,low,7,namecheap,,,25/09/2026 22:48
7eab3b74-2c0f-43df-a38d-4d99b02d5967,throngs.mobi,available,4.48,64.98,medium,low,7,namecheap,,,20/09/2026 14:21
46b92def-130c-4c07-9f3d-61de1f7eef5b,verbally.mobi,available,7.49,55.99,medium,low,8,namesilo,,,16/09/2026 10:50
0c1ac3d1-5f0e-46ea-a3b2-336eba54ea13,macrocosm.mobi,available,4.48,64.98,high,low,9,namecheap,,,13/09/2026 13:17
bb198927-a9dc-4f92-a431-25f7d586c277,anosmic.mobi,available,4.48,64.98,medium,low,7,namecheap,,,
61875f66-6c78-422b-aa28-45e75c10f8c8,tear.mobi,available,7.49,55.99,high,low,4,namesilo,,,26/09/2026 00:12
288c1591-e4ea-41d8-81bb-7eb2deda0247,contrast.mobi,available,6.99,,high,low,8,name.com,,,
76278b82-3ec2-4dd5-ae19-b1e31b1a5f4d,nonfat.mobi,available,4.48,64.98,medium,low,6,namecheap,,,17/08/2026 23:23
ad1948f0-113b-45f1-823c-88507a409006,firmament.mobi,available,4.48,64.98,high,low,9,namecheap,,,16/08/2026 20:58
05150e57-e63c-4e7d-b965-0daf313ebefa,gallican.mobi,available,4.48,64.98,medium,low,8,namecheap,,,18/08/2026 19:40
6771cd6a-60e6-4b1d-915b-46ef40bf05fd,behaviours.mobi,available,7.49,55.99,medium,low,10,namesilo,,,20/09/2026 22:06
efb5964b-79f1-4330-8c62-f56a8711ee61,epidermal.mobi,available,6.99,64.99,medium,low,9,name.com,,,13/08/2026 13:06
897f5ee0-f853-473e-957d-9717aeca5cae,nonchalant.mobi,available,4.48,64.98,high,low,10,namecheap,,,11/08/2026 20:36
0e0ff465-e4ff-4b44-a620-50b2a4fed668,proustian.mobi,available,4.48,64.98,medium,low,9,namecheap,,,09/09/2026 04:22
524ad9da-0764-49d1-866d-a7dc070841c0,actuation.mobi,available,7.49,55.99,medium,low,9,namesilo,,,17/09/2026 05:23
4f6a4602-0a44-4c74-885a-66d517eb4481,multipurpose.mobi,available,6.99,,medium,low,13,name.com,,,
1600ba34-8fb1-4ac6-b28a-df2bba1ba483,solved.mobi,available,4.48,64.98,high,low,6,namecheap,,,10/09/2026 13:46
3e7c300f-f4c8-4584-8fa9-0edceb764435,sourcecode.mobi,available,4.48,64.98,high,low,11,namecheap,,,08/09/2026 07:26
608cbaeb-4cb7-4354-9d96-822f628c7be9,computerized.mobi,available,7.49,55.99,high,low,12,namesilo,,,28/09/2026 02:46
5a4dde54-c47e-4b6c-bb9f-cd0a9b535442,noticeable.mobi,available,7.49,55.99,high,low,10,namesilo,,,24/09/2026 07:23
d87d7cc1-7d8a-49e7-bd97-7c951a89f96a,rudolf.mobi,available,7.49,55.99,high,low,6,namesilo,,,25/09/2026 15:40
85eb8ec7-2381-42cf-8eae-dc03593e39a9,verbalize.mobi,available,4.48,64.98,high,low,9,namecheap,,,13/09/2026 00:14
f4ad8bd8-57cc-4ba9-8c5d-2ea5da1e00b1,lacerate.mobi,available,4.48,64.98,medium,low,8,namecheap,,,22/08/2026 17:51
9ff57bc4-b5a7-433c-946e-753ce14b15c0,drown.mobi,available,6.99,,medium,low,5,name.com,,,
d01644a2-41bc-4de7-8455-a8520f110436,ballpen.mobi,available,7.49,55.99,medium,low,7,namesilo,,,21/09/2026 23:22
e253091a-dea6-4ea5-8ffa-1826c5b41b1f,unordered.mobi,available,4.48,64.98,medium,low,9,namecheap,,,12/09/2026 16:18
be3f50b2-4a3f-4984-8dda-fbb425a4ee35,incursive.mobi,available,4.48,64.98,medium,low,9,namecheap,,,22/08/2026 02:09
2064b8fb-ccad-4dc0-86ea-aa7b7410fa83,laminar.mobi,available,4.48,64.98,high,low,7,namecheap,,,22/08/2026 19:07
c93f004e-5782-4e03-b32b-c036766f399d,gut.mobi,resell,,,high,low,3,,,,28/09/2026 01:05
3e7f3e9f-e863-44ba-b612-64d7ab314f06,closing.mobi,available,4.48,64.98,high,low,7,namecheap,,,08/09/2026 06:59
ecb809a0-a52f-47f9-8b72-e92d7a44c636,obsolete.mobi,available,4.48,64.98,medium,low,8,namecheap,,,14/08/2026 13:30
ec851c7c-7cf3-451c-8880-af18af7049c3,airdock.mobi,available,7.49,55.99,medium,low,7,namesilo,,,17/09/2026 23:04
3fb196b1-1981-4ceb-9e43-d17f96b5e59a,borne.mobi,available,6.99,,medium,low,5,name.com,,,
6c3ae2a7-afa8-4e3d-8c6a-6a788339a4b1,modernist.mobi,available,7.49,55.99,high,low,9,namesilo,,,27/09/2026 04:47
541a4b26-b338-42f3-b1b1-b2e8000fb75f,ferguson.mobi,available,4.48,64.98,high,low,8,namecheap,,,25/09/2026 17:55
ba1408d6-db71-42c3-93f2-f40546d0ab3c,unstuck.mobi,available,4.48,64.98,medium,low,7,namecheap,,,12/09/2026 20:40
d2a30c76-3ddf-4084-8ef2-b390673a2534,pros.mobi,available,7.49,55.99,medium,low,4,namesilo,,,20/09/2026 10:26
fd6efd8d-fb1b-4a12-b509-49a65600e57f,corrugated.mobi,available,4.48,64.98,medium,low,10,namecheap,,,13/08/2026 02:13
46c9911b-ea05-4e12-bfd4-6cb2fc0f7a84,antimony.mobi,available,7.49,55.99,medium,low,8,namesilo,,,19/09/2026 14:45
9baeccaf-f1f2-41bb-86ec-7a2c6b85323d,nascent.mobi,available,4.48,64.98,medium,low,7,namecheap,,,03/09/2026 13:35
5dd0680b-8c9a-4d13-bb7d-46db2033f0a7,evaluate.mobi,available,6.99,,high,low,8,name.com,,,
971b862f-138c-4fd0-a742-95decd759e4f,escaped.mobi,available,4.48,64.98,medium,low,7,namecheap,,,07/08/2026 11:22
09c2132b-3988-4138-85b6-118534592fa9,anhidrosis.mobi,available,7.49,55.99,medium,low,10,namesilo,,,19/09/2026 07:47
7fdc6791-772b-4d7f-89a1-5eac294d02f9,capacity.mobi,available,7.49,55.99,high,low,8,namesilo,,,24/09/2026 12:12
0f3b9e28-d058-4691-a8be-3e7cc9f7a8a1,lip.mobi,premium,242,242,high,low,3,namesilo,,,
05f4bc4b-e121-4214-bbf5-403a18ac3c3c,squeeze.mobi,available,4.48,64.98,high,low,7,namecheap,,,20/08/2026 22:27
fcffc2fc-68d4-4323-b7e8-a4ce4e92d889,validated.mobi,available,4.48,64.98,high,low,9,namecheap,,,13/09/2026 00:59
2952d17f-5f0c-4238-b420-f372cc2cf45f,victories.mobi,available,7.49,55.99,medium,low,9,namesilo,,,18/09/2026 09:23
e962e47d-54e6-4f30-8e3f-633a1cae2e07,airtight.mobi,available,4.48,64.98,high,low,8,namecheap,,,
43be4089-a89c-4972-9059-3456c0458a0b,prox.mobi,available,4.48,64.98,medium,low,4,namecheap,,,09/09/2026 04:42
1417cf98-e21b-476e-8b33-b6cb43ee77be,dday.mobi,available,7.49,55.99,high,low,5,namesilo,,,16/09/2026 12:39
284f35ce-7f81-4cb7-a63b-4e730b4c5f61,blinking.mobi,available,4.48,64.98,high,low,8,namecheap,,,22/09/2026 21:58
b8673a12-971d-4c48-8935-303c45ca4198,disorderly.mobi,available,4.48,64.98,medium,low,10,namecheap,,,14/08/2026 11:51
a6e4d0a2-22c5-41b6-8afd-58d27d2e3a13,dogtooth.mobi,available,4.48,64.98,medium,low,8,namecheap,,,11/08/2026 17:01
f656f8d8-87d9-4a8a-b4eb-33e722637368,distinct.mobi,available,4.48,64.98,high,low,8,namecheap,,,12/08/2026 10:31
8c2f5a7c-86f7-4968-baf5-8a1197d6c0c5,fittingly.mobi,available,4.48,64.98,medium,low,9,namecheap,,,13/09/2026 20:32
fd6551cf-e316-4471-bedf-b55255e89162,underway.mobi,available,4.48,64.98,high,low,8,namecheap,,,12/09/2026 07:42
16005bd1-df42-4810-8533-38e58c22eb20,bulimic.mobi,available,4.48,64.98,medium,low,7,namecheap,,,11/08/2026 08:26
f2d93501-795b-45c2-894a-5c4270a604e2,corvine.mobi,available,4.48,64.98,medium,low,7,namecheap,,,13/08/2026 02:37
3722fcd5-8b74-4ee6-8a6f-49e753fe977b,fitness.mobi,resell,,,high,low,7,Porkbun LLC,06/09/2018 10:14,06/09/2027 10:14,26/09/2026 06:06
91333358-c4e8-4748-90de-513d5214948b,cultured.mobi,available,4.48,64.98,high,low,8,namecheap,,,08/09/2026 09:18
acbdad26-573e-4d84-bba6-a9a160f9abe8,antacid.mobi,available,7.49,55.99,high,low,7,namesilo,,,22/09/2026 05:43
17b861f3-2d59-464a-ab23-d2abf69c622a,hirsch.mobi,available,4.48,64.98,high,low,6,namecheap,,,27/09/2026 07:27
eb0505ce-cad5-462d-9f68-2c1450bdaaf9,marihuana.mobi,available,6.99,,high,low,9,name.com,,,
b3e81c1d-021b-44ab-bb7b-31d551e44e5e,revenue.mobi,resell,,,high,low,7,Dynadot Inc,24/05/2016 04:57,24/05/2027 04:57,26/09/2026 08:39
76d7b85e-b463-4378-8d36-f813e0633e5a,real.mobi,resell,,,high,medium,4,"Sav.com, LLC - 5",09/08/2026 15:15,09/08/2027 15:15,26/09/2026 08:31
64d8ca69-7c28-408d-9d84-4fd9a46e9b0f,sandhopper.mobi,available,7.49,55.99,medium,low,10,namesilo,,,22/09/2026 18:44
9e1923cb-4423-4f1a-814a-a297c871459b,trigonal.mobi,available,4.48,64.98,medium,low,8,namecheap,,,09/09/2026 16:45
2392e54b-522f-41eb-b7ff-f95d4d91f3fb,berliner.mobi,available,4.48,64.98,high,low,8,namecheap,,,23/09/2026 09:38
8ac76169-0350-456a-aa4c-a451aa6878b4,keyrings.mobi,available,7.49,55.99,medium,low,8,namesilo,,,20/09/2026 12:08
6778d7ad-bacc-41b1-bac9-70be69fcc1c8,foaming.mobi,available,4.48,64.98,high,low,7,namecheap,,,11/08/2026 07:18
b228a2a4-cbc2-47f7-9634-c20b565e4849,suggestions.mobi,available,4.48,64.98,medium,low,11,namecheap,,,17/09/2026 12:49
ea5a727d-be63-455b-8854-3cbeab83ef10,diabetes.mobi,available,,,high,low,8,,,,
89b987ee-951e-4b04-91f0-d2db3b20324f,innovation.mobi,resell,,,high,medium,10,"Sav.com, LLC",12/05/2026 06:50,12/05/2027 06:50,28/09/2026 03:06
3dbf78e0-1111-46d5-ae37-b6d88dd83623,scramble.mobi,available,7.49,55.99,high,low,8,namesilo,,,24/09/2026 15:13
377f4b46-83af-40d4-974a-3859bca8c2d5,floss.mobi,available,4.48,64.98,high,low,5,namecheap,,,24/09/2026 21:54
44329403-3746-4fba-8bed-0dae094948c6,big.mobi,premium,1300,1300,high,medium,3,namecheap,,,21/09/2026 20:03
28568a6c-297d-4556-aa13-99fbba72cc32,derive.mobi,available,6.99,,high,low,6,name.com,,,
1f6606a9-dd26-4ee8-8855-4fe9420ac4de,lcd.mobi,available,6.99,,high,low,3,name.com,,,
d41c1695-e528-4b5f-8242-e6358a62ddb8,disturbed.mobi,available,4.48,64.98,medium,low,9,namecheap,,,11/08/2026 01:48
bb1e2bff-ea65-4159-a3f8-b0f0816c7655,stockton.mobi,available,7.49,55.99,high,low,8,namesilo,,,25/09/2026 06:10
50eece4d-39f4-408a-bdd7-8b31591d01e8,waver.mobi,available,4.48,64.98,medium,low,5,namecheap,,,17/08/2026 21:37
55058cf3-58ba-45ef-b4bd-8abad7212fbe,acquittal.mobi,available,7.49,55.99,high,low,9,namesilo,,,17/09/2026 02:42
5e2be015-cc59-4a88-82ca-2ccbbc7d958f,earhart.mobi,available,4.48,64.98,medium,low,7,namecheap,,,18/09/2026 18:17
4414bb80-272b-422b-9bdd-64affd96a525,bight.mobi,available,7.49,55.99,medium,low,5,namesilo,,,23/09/2026 15:12
a8f68f54-1927-4e7c-a683-bc8160abb352,clitoral.mobi,available,4.48,64.98,medium,low,8,namecheap,,,12/08/2026 11:25
d3d578fe-8708-46e8-98e3-215d72cc538a,painfully.mobi,available,4.48,64.98,medium,low,9,namecheap,,,14/09/2026 13:22
1765296e-de76-4d85-9fd4-f709be552047,backspacer.mobi,available,7.49,55.99,medium,low,10,namesilo,,,21/09/2026 16:02
6d88ca0d-affb-4ccf-aa4b-9bf8abd1b17a,blasphemer.mobi,available,7.49,55.99,medium,low,10,namesilo,,,24/09/2026 04:14
16a57e9e-6677-4631-ac97-7bd0784eae13,bane.mobi,available,4.48,64.98,medium,low,4,namecheap,,,22/09/2026 01:39
ea87f560-4493-4532-b07e-a09c476df513,adversary.mobi,available,4.48,64.98,medium,low,9,namecheap,,,17/09/2026 10:44
0036e09b-7eae-40f0-8525-f95ced548420,acrilan.mobi,available,7.49,55.99,medium,low,7,namesilo,,,17/09/2026 03:06
605fb840-de6f-41ba-a244-9d2eb6f67a31,oversee.mobi,available,6.99,,high,low,7,name.com,,,
0f2d73b5-ff70-427f-9b51-36c226b87c26,lure.mobi,available,4.48,64.98,high,low,4,namecheap,,,21/09/2026 19:43
1f243f0d-0122-4983-a09c-3c89c3e7968f,betrothal.mobi,available,7.49,55.99,medium,low,9,namesilo,,,23/09/2026 11:34
c6b545f2-b209-4b7a-9b6a-0125996d7082,blitt.mobi,available,7.49,55.99,medium,low,5,namesilo,,,21/09/2026 14:13
1f0803a0-5456-43e6-9c19-f9009192986c,henceforth.mobi,available,4.48,64.98,medium,low,10,namecheap,,,15/09/2026 00:15
3a6bd822-9e55-4f8d-91a4-45f1ea21ee1a,bitumen.mobi,available,7.49,55.99,medium,low,7,namesilo,,,23/09/2026 23:13
c4d38bf6-ff57-4f60-8a26-52bcdbc0c159,fulminant.mobi,available,4.48,64.98,medium,low,9,namecheap,,,18/08/2026 18:18
d816d4b0-d8c9-41ea-9100-e7cfa8ca6533,vitalizing.mobi,available,4.48,64.98,medium,low,10,namecheap,,,23/08/2026 01:35
822effdd-f96f-4335-a57c-934cbcea8158,adenauer.mobi,available,6.99,64.99,medium,low,8,name.com,,,17/09/2026 07:24
4c79e2f6-2b98-4346-8015-5cb1aada257b,monotonous.mobi,available,4.48,64.98,medium,low,10,namecheap,,,25/08/2026 05:30
2f2e7bef-787c-432d-b0e8-46f9d370d12d,moistly.mobi,available,4.48,64.98,low,low,7,namecheap,,,14/09/2026 10:31
4a487f8c-f56e-4c97-b5d9-390e097b68ac,unrequited.mobi,available,4.48,64.98,medium,low,10,namecheap,,,12/09/2026 00:45
79d2de82-b45d-46af-8ddb-8443917f6e51,voltaire.mobi,available,7.49,55.99,high,low,8,namesilo,,,20/09/2026 08:29
fe5d1d16-bbed-426d-a99a-34936842051e,chinchy.mobi,available,4.48,64.98,low,low,7,namecheap,,,12/08/2026 05:42
968d70a5-3850-4df8-bf7d-15cdb9035b7f,immutably.mobi,available,4.48,64.98,medium,low,9,namecheap,,,15/09/2026 02:06
a8040789-14a0-407b-a8d2-1312e6e17b44,butch.mobi,available,4.48,64.98,medium,low,5,namecheap,,,11/08/2026 11:29
b6157303-3afa-4527-84b1-a35ac2bdfafd,pathogenic.mobi,available,4.48,64.98,medium,low,10,namecheap,,,22/08/2026 04:17
d7c91d3d-40eb-4755-915d-de6417d92f5c,balancer.mobi,available,4.48,64.98,medium,low,8,namecheap,,,21/09/2026 20:52
da0b750e-3183-4f2a-b2b8-f496e8c7cbe2,corky.mobi,available,4.48,64.98,high,low,5,namecheap,,,13/08/2026 01:23
021e7ea4-3b45-416a-8a59-840156c6a26b,drugstore.mobi,available,7.49,55.99,high,low,9,namesilo,,,19/09/2026 19:43
a60c0771-3c84-4c3c-96d6-bc40d9987dae,neil.mobi,available,7.49,55.99,high,low,4,namesilo,,,25/09/2026 13:57
2d1714d1-5154-424c-ab84-829044f71ab6,heighten.mobi,available,4.48,64.98,high,low,8,namecheap,,,12/08/2026 19:31
2525156c-ffa5-4a7a-bd3f-5d3a15e7e135,vegetal.mobi,available,4.48,64.98,medium,low,7,namecheap,,,13/09/2026 01:42
8e3d4f08-3b70-45aa-a23f-508cf75fa5cf,parhelic.mobi,available,4.48,64.98,medium,low,8,namecheap,,,08/09/2026 01:31
4d81a4e8-e69c-4d36-a907-aa59b2797c59,leech.mobi,available,6.99,64.99,medium,low,5,name.com,,,24/09/2026 06:16
1c9c1d3c-c5e0-490a-aa61-2cb04c22bf34,arkansan.mobi,available,7.49,55.99,medium,low,8,namesilo,,,20/09/2026 06:11
cb6e239f-293d-4136-b7c8-4616f4578f3c,glancing.mobi,available,6.99,,high,low,8,name.com,,,
f7f54e12-3723-490f-baa6-06882d9a9b15,homophile.mobi,available,4.48,64.98,medium,low,9,namecheap,,,18/08/2026 20:56
4589e0eb-6375-455b-affb-675c13237416,rancor.mobi,available,7.49,55.99,medium,low,6,namesilo,,,23/09/2026 23:05
8bb6071b-c32f-4ccc-9a96-7b641fcd32e3,moderate.mobi,available,4.48,64.98,high,low,8,namecheap,,,12/08/2026 00:16
4b0d4c37-a423-4372-adb3-ab78477c8b30,aquatics.mobi,available,4.48,64.98,high,low,8,namecheap,,,19/09/2026 23:08
cbab8136-73f7-4545-bc21-2ade5de64af5,outsize.mobi,available,4.48,64.98,high,low,7,namecheap,,,04/09/2026 19:38
abd48adf-9ef2-47d1-b7fb-ab96f18d8d84,plants.mobi,available,6.99,,high,low,6,name.com,,,
78d2f35a-ba84-4b61-99ce-ee8bd8839e75,muggy.mobi,available,4.48,64.98,medium,low,5,namecheap,,,03/09/2026 10:31
7d01abcd-0e3f-45f4-a8f2-e2b1030140d2,upcountry.mobi,available,4.48,64.98,medium,low,9,namecheap,,,24/08/2026 22:37
cd9ab531-7a18-4c3c-801f-2f955699f8fa,oversewn.mobi,available,4.48,64.98,medium,low,8,namecheap,,,04/09/2026 21:48
2f4773e7-6e89-460a-bba3-58e05d5e08e5,undefeated.mobi,available,4.48,64.98,high,low,10,namecheap,,,12/09/2026 07:12
7969dc2a-3edb-4c59-8399-5945d178caff,seagoing.mobi,available,4.48,64.98,medium,low,8,namecheap,,,04/09/2026 00:24
feb49bbc-5a6b-4d82-b876-fa0e7e10a775,billfish.mobi,available,7.49,55.99,medium,low,8,namesilo,,,23/09/2026 16:15
9f5c81fc-cce8-4d7d-b971-8a0f5ccb56bb,cocksucker.mobi,available,4.48,64.98,medium,low,10,namecheap,,,08/08/2026 23:29
3809d80c-a16e-4b70-bf6c-203ab5ffd709,gastropod.mobi,available,4.48,64.98,medium,low,9,namecheap,,,12/09/2026 14:04
0e07ab5c-2bbd-43ed-9f0f-3b148b7d22ca,altruistic.mobi,available,7.49,55.99,high,low,10,namesilo,,,22/09/2026 02:48
ca26b7fe-d767-467e-ac55-3c4797f77cff,forrest.mobi,available,7.49,55.99,high,low,7,namesilo,,,25/09/2026 12:36
894fa501-b7c0-436b-bda1-5291837c72c9,worker.mobi,available,7.49,55.99,high,low,6,namesilo,,,27/09/2026 07:18
f1a85788-803e-4f77-b9df-afb82ca0d3df,meekly.mobi,available,4.48,64.98,medium,low,6,namecheap,,,15/09/2026 01:24
8d5c7773-1b0d-4d4c-b84d-bdf0a532d1c6,aspiration.mobi,available,4.48,64.98,high,low,10,namecheap,,,18/09/2026 16:53
2410a70d-425a-49a4-b097-91b2cfdb8e79,sheik.mobi,available,6.99,64.99,high,low,5,name.com,,,13/08/2026 17:11
4c98bd74-1d2f-4d24-800a-61f2f0981a4a,crimes.mobi,available,6.99,,high,low,6,name.com,,,
f451d3b5-78ec-4380-af8b-33afcc9bf636,unlettered.mobi,available,4.48,64.98,medium,low,10,namecheap,,,21/08/2026 18:33
76e59309-5c02-4780-bbcf-f9885aa1303f,foreboding.mobi,available,4.48,64.98,medium,low,10,namecheap,,,18/08/2026 11:32
c6f1ce40-b408-41f1-8a1c-47a4bc2694c5,ballistics.mobi,available,7.49,55.99,high,low,10,namesilo,,,21/09/2026 22:57
84573081-8388-46dc-869d-3543a11c077d,wendell.mobi,available,4,43.02,medium,low,7,dynadot,,,27/09/2026 20:17
cc1817ea-58bd-4c1a-898d-eedc5cb8906a,smith.mobi,available,,,high,medium,5,,,,
cfddab92-4e0b-471f-8ce8-ecfdd213ca9e,unimposing.mobi,available,4.48,64.98,medium,low,10,namecheap,,,12/09/2026 13:12
111309a1-7e1b-4275-8aef-f1319624f961,bankable.mobi,available,4.48,64.98,high,low,8,namecheap,,,08/08/2026 13:24
0932137e-a353-4e1e-ad63-2bf7c67758ab,deadline.mobi,available,6.99,,high,low,8,name.com,,,
638dbca5-31c5-4aa3-82bf-fe7596265219,apposite.mobi,available,4.48,64.98,medium,low,8,namecheap,,,06/08/2026 07:53
782ef66a-8ff4-4f90-9ad5-1a30683bee26,ruthenium.mobi,available,7.49,55.99,medium,low,9,namesilo,,,20/09/2026 23:08
21c27174-aef9-4271-98df-aecfdff7387a,forty.mobi,available,4.48,64.98,high,low,5,namecheap,,,
2fa426d7-3806-4298-b460-7286a4dc5ede,perfection.mobi,available,7.49,55.99,high,low,10,namesilo,,,22/09/2026 22:03
77a27c78-1912-4c15-bbda-5a419cba4c78,motherless.mobi,available,4.48,64.98,medium,low,10,namecheap,,,25/08/2026 07:02
52f6a5ba-46f3-413d-9dea-1a1452d8e80d,upsetting.mobi,available,4.48,64.98,medium,low,9,namecheap,,,14/08/2026 09:55
13fddf17-8c67-4d9f-8fc1-c469f936ef29,paddlefish.mobi,available,4.48,64.98,medium,low,10,namecheap,,,14/08/2026 20:48
f0cb291b-ca7a-4c02-b28e-bf96e3789682,amaryllis.mobi,available,7.49,55.99,high,low,9,namesilo,,,18/09/2026 15:59
ac4a9a6c-0dca-44f6-8743-a2e84ce4dbb9,otoscope.mobi,available,7.49,55.99,medium,low,8,namesilo,,,21/09/2026 04:28
3463ba41-e72c-4fa7-9f23-fad696ba9df8,abasia.mobi,available,7.49,55.99,medium,low,6,namesilo,,,16/09/2026 14:05
5a3ef494-0d71-40d5-8bee-e3e39fe4e638,twits.mobi,available,7.49,55.99,low,low,5,namesilo,,,21/09/2026 06:16
7e698d50-13b0-4104-a1ef-e4ddf439cbab,dicker.mobi,available,7.49,55.99,medium,low,6,namesilo,,,22/09/2026 05:30
b9237b15-8d00-48ac-80f6-be85066525cd,rafts.mobi,available,4.48,64.98,high,low,5,namecheap,,,14/09/2026 23:26
a975795f-6d78-4411-82d9-58c02f5e352c,leal.mobi,available,4.48,64.98,medium,low,4,namecheap,,,22/08/2026 22:03
f27c1c7d-e00d-4f1d-a43e-58beb9f29992,accumulate.mobi,available,4.48,64.98,high,low,10,namecheap,,,12/08/2026 16:47
2e792c54-5494-4879-b771-80fedc3c11a8,lightness.mobi,available,4.48,64.98,high,low,9,namecheap,,,17/09/2026 17:53
6b1e8088-e029-4343-8547-f604c33d1c0c,higgins.mobi,available,7.49,55.99,high,low,7,namesilo,,,25/09/2026 13:27
ac882a70-1b5c-4bbc-88e6-41a3a8f71122,somber.mobi,available,4.48,64.98,medium,low,6,namecheap,,,10/09/2026 14:00
f4732b22-086e-431d-a25e-c6bc1999eca2,muscovite.mobi,available,4.48,64.98,medium,low,9,namecheap,,,03/09/2026 11:26
5a66351e-1c9c-4368-b51e-28a63ccae29b,caffeine.mobi,premium,118.8,118.8,high,low,8,namesilo,,,24/09/2026 11:38
f9ddbe32-c0fe-46b7-acee-192e7d1fbea9,biogenetic.mobi,available,4.48,64.98,medium,low,10,namecheap,,,10/08/2026 01:12
269da5d5-5541-4616-b232-ebd2687c56d3,initiative.mobi,available,7.49,55.99,high,low,10,namesilo,,,19/09/2026 04:32
229a7ebb-d8ea-43f8-b112-1e8de9909569,epiphytic.mobi,available,4.48,64.98,high,medium,9,namecheap,,,17/08/2026 11:07
87e9c910-44ec-48fc-9b8f-69dc6d0130bb,ever.mobi,available,,,high,medium,4,,,,
eb016198-dcb4-424b-94bd-221611427598,intend.mobi,available,4.48,64.98,high,low,6,namecheap,,,25/09/2026 18:20
e10a0fe7-d52d-4f34-b924-454cd9bd7d2e,surplus.mobi,available,4.48,64.98,high,low,7,namecheap,,,17/08/2026 16:09
e63e09cb-0605-4e3d-a368-52cc1bca9085,bib.mobi,available,7.49,55.99,high,low,3,namesilo,,,23/09/2026 12:42
3c172a1c-049c-4491-bd00-4f002bd9985a,bosh.mobi,available,4.48,64.98,medium,low,4,namecheap,,,21/09/2026 23:47
ccea666b-bb62-439b-8cf0-dd88f80e539a,aquatint.mobi,available,7.49,55.99,medium,low,8,namesilo,,,19/09/2026 23:09
d6ccfd43-e3e5-49e7-9c20-33b4dbbd120b,bouncing.mobi,available,4.48,64.98,high,low,8,namecheap,,,23/09/2026 01:19
60cc6860-2139-44ce-b70a-c0803ca0cfe9,fortify.mobi,available,4.48,64.98,high,low,7,namecheap,,,20/09/2026 06:18
cd4cbc36-75e2-44e0-bde8-7d36d1888263,bimetal.mobi,available,4.48,64.98,high,low,7,namecheap,,,09/08/2026 22:52
ba8844bb-8b12-46ca-a480-469bd5a34b1f,cissy.mobi,available,4.48,64.98,medium,low,5,namecheap,,,12/08/2026 08:40
4e00c0ca-db7f-4b5e-871b-8d5c69b7b1d7,hagen.mobi,available,40.2,40.2,high,low,5,cloudflare,,,27/09/2026 20:14
0e83d3d1-8e62-4ab5-9ba5-f10ea10aea32,tobacco.mobi,available,,,medium,low,7,,,,
1d408ad5-0bee-4f52-836a-594b8a410830,instruct.mobi,available,6.99,,high,low,8,name.com,,,
2c1acfc7-23de-4e70-bb20-05c88d334d05,miracle.mobi,resell,,,high,low,7,Dynadot Inc,04/06/2023 17:00,04/06/2027 17:00,26/09/2026 07:34
7648ea10-cc33-4486-84c9-fe7e23880e2d,damnably.mobi,available,6.99,64.99,low,low,8,name.com,,,13/08/2026 16:35
00dfd8d2-e915-45af-90a8-6e3d316c8032,boaster.mobi,available,4.48,64.98,medium,low,7,namecheap,,,11/08/2026 01:18
f99bc0a2-c1c1-4ded-b368-7a8b60e05787,trees.mobi,available,,,high,low,5,,,,
572a97f5-2989-4d7d-9a36-67d721877fed,testimony.mobi,available,9.99,79.99,high,low,9,godaddy,,,28/09/2026 02:23
91b03fb5-fd8a-43d2-aa98-e942c2fed0d2,momently.mobi,available,4.48,64.98,medium,low,8,namecheap,,,15/09/2026 15:21
cc75c98e-d0a9-418d-b6d8-5da98cb87518,stepson.mobi,available,6.99,,high,low,7,name.com,,,
c1906eed-6e0a-48ab-b23a-77beb53f5a6a,universe.mobi,available,,,high,low,8,,,,
7be6bd5f-cfdd-48e0-bc1f-3a4878212dbd,aviary.mobi,available,7.49,55.99,high,low,6,namesilo,,,21/09/2026 09:22
225f8f84-8a7a-42cf-8d15-6154c4f1e7a5,mechanism.mobi,available,7.49,55.99,high,low,9,namesilo,,,24/09/2026 14:15
0dc642ac-aa66-4b19-83e9-fec41fc3247d,steeply.mobi,available,7.49,55.99,medium,low,7,namesilo,,,16/09/2026 06:59
9c7cc1ee-fb19-4878-9f40-29975a265cd4,lxxiv.mobi,available,4.48,64.98,medium,low,5,namecheap,,,
9c61c532-c4d9-4dd5-910d-0b4fa69d9788,binet.mobi,available,7.49,55.99,medium,low,5,namesilo,,,18/09/2026 06:25
9745ec9b-63ab-4585-825a-d146a5249fd5,infallible.mobi,available,4.48,64.98,high,low,10,namecheap,,,22/08/2026 04:05
d657e8e8-6517-40ed-bbaa-230fb07ee0a5,recognised.mobi,available,7.49,55.99,high,low,10,namesilo,,,21/09/2026 15:30
1f4113ff-e3dd-4c16-9cec-52ea03cb9155,documental.mobi,available,4.48,64.98,medium,low,10,namecheap,,,14/08/2026 14:27
b62ea932-a5be-4c12-8fce-9034428c8e5b,streets.mobi,available,6.99,,high,low,7,name.com,,,
259f2e31-0fb6-4183-af06-fad0f2830fdb,boxy.mobi,available,4.48,64.98,medium,low,4,namecheap,,,10/08/2026 23:58
a988cb37-f4a8-424a-bcad-a4aa65571fc5,cheating.mobi,available,4.48,64.98,medium,low,8,namecheap,,,12/08/2026 03:32
89a2a7ca-a029-4a2e-bdbc-0c52ef53cad3,hubert.mobi,available,7.49,55.99,medium,low,6,namesilo,,,25/09/2026 16:58
416d62a3-c912-443e-977a-e2fddb6e894e,ipswich.mobi,available,4.48,64.98,medium,low,7,namecheap,,,27/09/2026 19:23
5bb33a94-4ef9-4aea-b304-54a5caebd28c,atp.mobi,available,7.49,55.99,high,low,3,namesilo,,,24/09/2026 08:23
a4e1cc41-653d-4c7b-8dce-c38dc4030cf8,wary.mobi,available,4.48,64.98,medium,low,4,namecheap,,,22/08/2026 22:32
2053c5c2-d696-4d15-884e-c57aa0f78652,allegation.mobi,available,7.49,55.99,high,low,10,namesilo,,,18/09/2026 10:09
8c98b4b8-c8b4-421d-9508-ff6b7a4bcd38,hurts.mobi,available,7.49,55.99,medium,low,5,namesilo,,,27/09/2026 23:53
d343e26a-7929-4680-8bd9-5f834cbf02af,nilotic.mobi,available,4.48,64.98,medium,low,7,namecheap,,,03/09/2026 17:26
5b3f93f7-242b-4e11-b2a7-b649dc081169,natalie.mobi,available,4.48,64.98,high,low,7,namecheap,,,25/09/2026 14:26
54c95039-7167-44ee-8715-e23e152a0f83,meager.mobi,available,4.48,64.98,medium,low,6,namecheap,,,24/08/2026 18:02
6bf84e17-3216-45ca-92b4-f01edbb9817a,utilizing.mobi,available,7.49,55.99,medium,low,9,namesilo,,,21/09/2026 02:04
4bb4c64c-16e1-4cd3-abc9-171eeeeac74d,ill.mobi,premium,242,242,high,low,3,namesilo,,,25/09/2026 07:33
8e889f0b-269b-4eec-aa36-490b8d5ddc14,resinated.mobi,available,4.48,64.98,medium,low,9,namecheap,,,09/09/2026 15:09
82372b59-4b1b-4281-9709-a11ed420d059,thespian.mobi,available,4.48,64.98,high,low,8,namecheap,,,11/09/2026 13:05
a013507d-ce2a-42b0-a69f-e0df4cb0e7ca,armillaria.mobi,available,7.49,55.99,medium,low,10,namesilo,,,20/09/2026 07:07
2e5b9a22-f593-418d-bc2e-5b087403212a,motley.mobi,available,4.48,64.98,medium,low,6,namecheap,,,07/08/2026 07:29
c7731395-1254-4bb6-8c61-86910b14fc3e,generators.mobi,available,6.99,,medium,low,10,name.com,,,
50597c8f-cc01-4867-92e3-cb148ffd72ff,guide.mobi,available,,,high,low,5,,,,
fc490419-d2f4-4852-9584-81dabbeca541,unheaded.mobi,available,4.48,64.98,medium,low,8,namecheap,,,12/09/2026 12:06
1ea486d6-cb7f-4695-9c99-299a63f60f21,bachelor.mobi,available,,,high,low,8,,,,
8f7e84a2-6e58-4cff-a275-1b60a22d0932,gelid.mobi,available,4.48,64.98,medium,low,5,namecheap,,,18/08/2026 21:05
2cd91197-bc85-4034-ba3a-4032c557f536,suspicions.mobi,available,7.49,55.99,low,low,10,namesilo,,,18/09/2026 08:04
8cd93072-58a9-44d9-8fdf-e4b84d623378,roy.mobi,available,4.48,64.98,high,low,3,namecheap,,,25/09/2026 12:36
9d1eed56-9862-4ee4-b597-082d73e4579e,arsine.mobi,available,7.49,55.99,medium,low,6,namesilo,,,20/09/2026 09:42
81b1e76f-1ea2-4ad2-99d5-ac1df4557f2f,accidental.mobi,available,4.48,64.98,high,low,10,namecheap,,,
a61aa461-f17b-4f26-a7c1-c8749e9adc4b,andantino.mobi,available,4.48,64.98,medium,low,9,namecheap,,,
17681d1e-9515-44a8-b739-917132d461a4,encamp.mobi,available,4.48,64.98,medium,low,6,namecheap,,,11/08/2026 15:56
2832c706-e7c3-4f09-9a91-804d85c17e9d,ativan.mobi,available,6.99,64.99,medium,low,6,name.com,,,20/09/2026 21:30
2daa3711-fc99-4107-8689-7159fac26aa4,magnet.mobi,available,7.49,55.99,high,low,6,namesilo,,,21/09/2026 02:14
d5f62a58-a31a-4991-a67d-39ac170a83a6,harris.mobi,available,7.49,55.99,high,low,6,namesilo,,,23/09/2026 08:19
11aba92a-2887-47e2-8bab-2a48f0691c78,tasking.mobi,available,6.99,,medium,low,7,name.com,,,
49c575c7-b14e-44b7-81ec-c389e39bf994,lacing.mobi,available,4.48,64.98,medium,low,6,namecheap,,,13/09/2026 11:13